Nome do evento;Conferência/Convenção;Tema;Data;Locale;Tipo evento;Resultado da coleta
Ad Hoc Working Group of Legal and Technical Experts for the Elaboration of a Global Framework Convention for the Protection of the Ozone Layer, Session 01;Vienna Convention for the Protection of the Ozone Layer;Ozônio;1982-01;Stockholm, Sweden;Prep/Negotiation committees (pre-treaty);Lista não obtida
Ad Hoc Working Group of Legal and Technical Experts for the Elaboration of a Global Framework Convention for the Protection of the Ozone Layer, Session 02;Vienna Convention for the Protection of the Ozone Layer;Ozônio;1982-12;Geneva, Switzerland;Prep/Negotiation committees (pre-treaty);Lista não obtida
Ad Hoc Working Group of Legal and Technical Experts for the Elaboration of a Global Framework Convention for the Protection of the Ozone Layer, Session 03;Vienna Convention for the Protection of the Ozone Layer;Ozônio;1984-01;Vienna, Austria;Prep/Negotiation committees (pre-treaty);Lista não obtida
Ad Hoc Working Group of Legal and Technical Experts for the Elaboration of a Global Framework Convention for the Protection of the Ozone Layer, Session 04;Vienna Convention for the Protection of the Ozone Layer;Ozônio;1984-10;Geneva, Switzerland;Prep/Negotiation committees (pre-treaty);Lista não obtida
Ad Hoc Working Group of Legal and Technical Experts for the Preparation of a Protocol on Chlorofluorocarbons to the Vienna Convention for the Protection of the Ozone Layer, Session 01;Montreal Protocol on Substances that Deplete the Ozone Layer;Ozônio;1986-12;Geneva, Switzerland;Prep/Negotiation committees (pre-treaty);Lista não obtida
Ad Hoc Working Group of Legal and Technical Experts for the Preparation of a Protocol on Chlorofluorocarbons to the Vienna Convention for the Protection of the Ozone Layer, Session 02;Montreal Protocol on Substances that Deplete the Ozone Layer;Ozônio;1987-02;Vienna, Austria;Prep/Negotiation committees (pre-treaty);Lista obtida
Ad Hoc Working Group of Legal and Technical Experts for the Preparation of a Protocol on Chlorofluorocarbons to the Vienna Convention for the Protection of the Ozone Layer, Session 03;Montreal Protocol on Substances that Deplete the Ozone Layer;Ozônio;1987-04;Geneva, Switzerland;Prep/Negotiation committees (pre-treaty);Lista não obtida
Ad Hoc Working Group of Legal and Technical Experts with a Mandate to Prepare a Global Convention on the Control of Transboundary Movements of Hazardous Wastes, Negotiation 1;Basel Convention on the Control of Transboundary Movements of Hazardous Wastes and their Disposal;Lixo tóxico e químicos;1988-02;Geneva, Switzerland;Prep/Negotiation committees (pre-treaty);Lista obtida
Ad Hoc Working Group of Legal and Technical Experts with a Mandate to Prepare a Global Convention on the Control of Transboundary Movements of Hazardous Wastes, Negotiation 2;Basel Convention on the Control of Transboundary Movements of Hazardous Wastes and their Disposal;Lixo tóxico e químicos;1988-06;Caracas, Venezuela;Prep/Negotiation committees (pre-treaty);Lista não obtida
Ad Hoc Working Group of Legal and Technical Experts with a Mandate to Prepare a Global Convention on the Control of Transboundary Movements of Hazardous Wastes, Negotiation 3;Basel Convention on the Control of Transboundary Movements of Hazardous Wastes and their Disposal;Lixo tóxico e químicos;1988-11;Geneva, Switzerland;Prep/Negotiation committees (pre-treaty);Lista não obtida
Ad Hoc Working Group of Legal and Technical Experts with a Mandate to Prepare a Global Convention on the Control of Transboundary Movements of Hazardous Wastes, Negotiation 4;Basel Convention on the Control of Transboundary Movements of Hazardous Wastes and their Disposal;Lixo tóxico e químicos;1989-02;Luxembourg, Luxembourg;Prep/Negotiation committees (pre-treaty);Lista não obtida
Ad Hoc Working Group of Legal and Technical Experts with a Mandate to Prepare a Global Convention on the Control of Transboundary Movements of Hazardous Wastes, Negotiation 5;Basel Convention on the Control of Transboundary Movements of Hazardous Wastes and their Disposal;Lixo tóxico e químicos;1989-03;Basel, Switzerland;Prep/Negotiation committees (pre-treaty);Lista não obtida
Ad Hoc Working Group of Legal and Technical Experts with a Mandate to Prepare a Global Convention on the Control of Transboundary Movements of Hazardous Wastes, Organizational Meeting;Basel Convention on the Control of Transboundary Movements of Hazardous Wastes and their Disposal;Lixo tóxico e químicos;1987-10;Budapest, Hungary;Prep/Negotiation committees (pre-treaty);Lista obtida
AFS, CONF;International Convention on the Control of Harmful Anti-Fouling Systems on Ships;Oceano;2001-05;;Conference of plenipotentiaries;Lista não obtida
CBD, Ad Hoc Working Group of Experts on Biological Diversity, 1;Convention on Biological Diversity;Biodiversidade - CBD;1988-11;Geneva, Switzerland;Prep/Negotiation committees (pre-treaty);Lista obtida
CBD, Ad Hoc Working Group of Experts on Biological Diversity, 2;Convention on Biological Diversity;Biodiversidade - CBD;1990-02;Geneva, Switzerland;Prep/Negotiation committees (pre-treaty);Lista obtida
CBD, Ad Hoc Working Group of Experts on Biological Diversity, 3;Convention on Biological Diversity;Biodiversidade - CBD;1990-07;Geneva, Switzerland;Prep/Negotiation committees (pre-treaty);Lista obtida
CBD, Ad Hoc Working Group of Legal and Technical Experts on Biological Diversity, 1;Convention on Biological Diversity;Biodiversidade - CBD;1990-11;Nairobi, Kenya;Prep/Negotiation committees (pre-treaty);Lista não obtida
CBD, Ad Hoc Working Group of Legal and Technical Experts on Biological Diversity, 2;Convention on Biological Diversity;Biodiversidade - CBD;1991-03;Nairobi, Kenya;Prep/Negotiation committees (pre-treaty);Lista não obtida
CBD, Ad Hoc Working Group of Legal and Technical Experts on Biological Diversity, 3;Convention on Biological Diversity;Biodiversidade - CBD;1991-07;Madrid, Spain;Prep/Negotiation committees (pre-treaty);Lista não obtida
CBD, CONF;Convention on Biological Diversity;Biodiversidade - CBD;1992-05;Nairobi, Kenya;Conference of plenipotentiaries;Lista não obtida
CBD, COP01;Convention on Biological Diversity;Biodiversidade - CBD;1994-12;Nassau, Bahamas;Main regular party meetings (COP, MOP, etc);Lista obtida
CBD, COP02;Convention on Biological Diversity;Biodiversidade - CBD;1995-11;Jakarta, Indonesia;Main regular party meetings (COP, MOP, etc);Lista obtida
CBD, COP03;Convention on Biological Diversity;Biodiversidade - CBD;1996-11;Buenos Aires, Argentina;Main regular party meetings (COP, MOP, etc);Lista obtida
CBD, COP04;Convention on Biological Diversity;Biodiversidade - CBD;1998-05;Bratislava, Slovakia;Main regular party meetings (COP, MOP, etc);Lista obtida
CBD, COP05;Convention on Biological Diversity;Biodiversidade - CBD;2000-05;Nairobi, Kenya;Main regular party meetings (COP, MOP, etc);Lista obtida
CBD, COP06;Convention on Biological Diversity;Biodiversidade - CBD;2002-04;The Hague, Netherlands;Main regular party meetings (COP, MOP, etc);Lista obtida
CBD, COP07;Convention on Biological Diversity;Biodiversidade - CBD;2004-02;Kuala Lumpur, Malaysia;Main regular party meetings (COP, MOP, etc);Lista obtida
CBD, COP08;Convention on Biological Diversity;Biodiversidade - CBD;2006-03;Curitiba, Brazil;Main regular party meetings (COP, MOP, etc);Lista obtida
CBD, COP09;Convention on Biological Diversity;Biodiversidade - CBD;2008-05;Bonn, Germany;Main regular party meetings (COP, MOP, etc);Lista obtida
CBD, COP10;Convention on Biological Diversity;Biodiversidade - CBD;2010-10;Nagoya, Japan;Main regular party meetings (COP, MOP, etc);Lista obtida
CBD, COP11;Convention on Biological Diversity;Biodiversidade - CBD;2012-10;Hyderabad, India;Main regular party meetings (COP, MOP, etc);Lista obtida
CBD, COP12;Convention on Biological Diversity;Biodiversidade - CBD;2014-10;Pyeongchang, South Korea;Main regular party meetings (COP, MOP, etc);Lista obtida
CBD, COP13;Convention on Biological Diversity;Biodiversidade - CBD;2016-12;Cancun, Mexico;Main regular party meetings (COP, MOP, etc);Lista obtida
CBD, COP14;Convention on Biological Diversity;Biodiversidade - CBD;2018-11;Sharm El-Sheikh, Egypt;Main regular party meetings (COP, MOP, etc);Lista obtida
CBD, EXCOP01-01;Convention on Biological Diversity;Biodiversidade - CBD;1999-02;Cartagena, Colombia;Main regular party meetings (COP, MOP, etc);Lista obtida
CBD, EXCOP01-02;Convention on Biological Diversity;Biodiversidade - CBD;2000-01;Montreal, Canada;Main regular party meetings (COP, MOP, etc);Lista obtida
CBD, N3 / INC, 1;Convention on Biological Diversity;Biodiversidade - CBD;1991-07;Madrid, Spain;Prep/Negotiation committees (pre-treaty);Lista não obtida
CBD, N4 / INC, 2;Convention on Biological Diversity;Biodiversidade - CBD;1991-10;Nairobi, Kenya;Prep/Negotiation committees (pre-treaty);Lista não obtida
CBD, N5 / INC, 3;Convention on Biological Diversity;Biodiversidade - CBD;1991-12;Geneva, Switzerland;Prep/Negotiation committees (pre-treaty);Lista não obtida
CBD, N6 / INC, 4;Convention on Biological Diversity;Biodiversidade - CBD;1992-02;Nairobi, Kenya;Prep/Negotiation committees (pre-treaty);Lista não obtida
CBD, N7 / INC, 5;Convention on Biological Diversity;Biodiversidade - CBD;1992-05;Nairobi, Kenya;Prep/Negotiation committees (pre-treaty);Lista não obtida
CBD, Sub-Working Group on Biotechnology;Convention on Biological Diversity;Biodiversidade - CBD;1990-11;Nairobi, Kenya;Prep/Negotiation committees (pre-treaty);Lista não obtida
CCOL, 01;Coordinating Committee on the Ozone Layer;Ozônio;1977-11;;Prep/Negotiation committees (pre-treaty);Lista não obtida
CCOL, 02;Coordinating Committee on the Ozone Layer;Ozônio;1978;;Prep/Negotiation committees (pre-treaty);Lista não obtida
CCOL, 03;Coordinating Committee on the Ozone Layer;Ozônio;1979;;Prep/Negotiation committees (pre-treaty);Lista não obtida
CCOL, 04;Coordinating Committee on the Ozone Layer;Ozônio;1980-11;Bilthoven, Netherlands;Prep/Negotiation committees (pre-treaty);Lista obtida
CCOL, 05;Coordinating Committee on the Ozone Layer;Ozônio;1981-10;Copenhagen, Denmark;Prep/Negotiation committees (pre-treaty);Lista não obtida
CCOL, 06;Coordinating Committee on the Ozone Layer;Ozônio;1983-04;Geneva, Switzerland;Prep/Negotiation committees (pre-treaty);Lista obtida
CCOL, 08-1;Coordinating Committee on the Ozone Layer;Ozônio;1986-02;Nairobi, Kenya;Prep/Negotiation committees (pre-treaty);Lista obtida
CCOL, 08-2;Coordinating Committee on the Ozone Layer;Ozônio;1986-11;Bilthoven, Netherlands;Prep/Negotiation committees (pre-treaty);Lista obtida
CGRFA, 1st Extraordinary Session;International Treaty on Plant Genetic Resources for Food and Agriculture;Biodiversidade - Plantas;1994-11;Rome, Italy;Prep/Negotiation committees (pre-treaty);Lista obtida
CGRFA, 1st Meeting of the CGRFA acting as the Interim Committee for the International Treaty on Plant Genetic Resources...;International Treaty on Plant Genetic Resources for Food and Agriculture;Biodiversidade - Plantas;2002-10;Rome, Italy;Prep/Negotiation committees (pre-treaty);Lista não obtida
CGRFA, 2nd Extraordinary Session;International Treaty on Plant Genetic Resources for Food and Agriculture;Biodiversidade - Plantas;1996-04;Rome, Italy;Prep/Negotiation committees (pre-treaty);Lista obtida
CGRFA, 2nd Meeting of the CGRFA acting as the Interim Committee for the International Treaty on Plant Genetic Resources...;International Treaty on Plant Genetic Resources for Food and Agriculture;Biodiversidade - Plantas;2004-11;Rome, Italy;Prep/Negotiation committees (pre-treaty);Lista não obtida
CGRFA, 3rd Extraordinary Session;International Treaty on Plant Genetic Resources for Food and Agriculture;Biodiversidade - Plantas;1996-12;Rome, Italy;Prep/Negotiation committees (pre-treaty);Lista obtida
CGRFA, 4th Extraordinary Session;International Treaty on Plant Genetic Resources for Food and Agriculture;Biodiversidade - Plantas;1997-12;Rome, Italy;Prep/Negotiation committees (pre-treaty);Lista obtida
CGRFA, 5th Extraordinary Session;International Treaty on Plant Genetic Resources for Food and Agriculture;Biodiversidade - Plantas;1998-06;Rome, Italy;Prep/Negotiation committees (pre-treaty);Lista obtida
CGRFA, 6th Extraordinary Session;International Treaty on Plant Genetic Resources for Food and Agriculture;Biodiversidade - Plantas;2001-06;Rome, Italy;Prep/Negotiation committees (pre-treaty);Lista obtida
CHW, CONF;Basel Convention on the Control of Transboundary Movements of Hazardous Wastes and their Disposal;Lixo tóxico e químicos;1989-03;Basel, Switzerland;Conference of plenipotentiaries;Lista não obtida
CHW, COP01;Basel Convention on the Control of Transboundary Movements of Hazardous Wastes and their Disposal;Lixo tóxico e químicos;1992-12;Piriapolis, Uruguay;Main regular party meetings (COP, MOP, etc);Lista não obtida
CHW, COP02;Basel Convention on the Control of Transboundary Movements of Hazardous Wastes and their Disposal;Lixo tóxico e químicos;1994-03;Geneva, Switzerland;Main regular party meetings (COP, MOP, etc);Lista não obtida
CHW, COP03;Basel Convention on the Control of Transboundary Movements of Hazardous Wastes and their Disposal;Lixo tóxico e químicos;1995-09;Geneva, Switzerland;Main regular party meetings (COP, MOP, etc);Lista não obtida
CHW, COP04;Basel Convention on the Control of Transboundary Movements of Hazardous Wastes and their Disposal;Lixo tóxico e químicos;1998-02;Kuching, Malaysia;Main regular party meetings (COP, MOP, etc);Lista não obtida
CHW, COP05;Basel Convention on the Control of Transboundary Movements of Hazardous Wastes and their Disposal;Lixo tóxico e químicos;1999-12;Basel, Switzerland;Main regular party meetings (COP, MOP, etc);Lista não obtida
CHW, COP06;Basel Convention on the Control of Transboundary Movements of Hazardous Wastes and their Disposal;Lixo tóxico e químicos;2002-12;Geneva, Switzerland;Main regular party meetings (COP, MOP, etc);Lista obtida
CHW, COP07;Basel Convention on the Control of Transboundary Movements of Hazardous Wastes and their Disposal;Lixo tóxico e químicos;2004-12;Geneva, Switzerland;Main regular party meetings (COP, MOP, etc);Lista obtida
CHW, COP08;Basel Convention on the Control of Transboundary Movements of Hazardous Wastes and their Disposal;Lixo tóxico e químicos;2006-12;Nairobi, Kenya;Main regular party meetings (COP, MOP, etc);Lista obtida
CHW, COP09;Basel Convention on the Control of Transboundary Movements of Hazardous Wastes and their Disposal;Lixo tóxico e químicos;2008-06;Bali, Indonesia;Main regular party meetings (COP, MOP, etc);Lista obtida
CHW, COP10;Basel Convention on the Control of Transboundary Movements of Hazardous Wastes and their Disposal;Lixo tóxico e químicos;2011-10;Cartagena, Colombia;Main regular party meetings (COP, MOP, etc);Lista obtida
CHW, COP11;Basel Convention on the Control of Transboundary Movements of Hazardous Wastes and their Disposal;Lixo tóxico e químicos;2013-05;Geneva, Switzerland;Main regular party meetings (COP, MOP, etc);Lista obtida
CHW, COP12;Basel Convention on the Control of Transboundary Movements of Hazardous Wastes and their Disposal;Lixo tóxico e químicos;2015-05;Geneva, Switzerland;Main regular party meetings (COP, MOP, etc);Lista obtida
CHW, COP13;Basel Convention on the Control of Transboundary Movements of Hazardous Wastes and their Disposal;Lixo tóxico e químicos;2017-05;Geneva, Switzerland;Main regular party meetings (COP, MOP, etc);Lista obtida
CITES, Conf;Convention on International Trade in Endangered Species of Wild Fauna and Flora;Biodiversidade - Espécies;1973-03;Washington, United States of America;Conference of plenipotentiaries;Lista não obtida
CITES, COP01;Convention on International Trade in Endangered Species of Wild Fauna and Flora;Biodiversidade - Espécies;1976-11;Bern, Switzerland;Main regular party meetings (COP, MOP, etc);Lista obtida
CITES, COP02;Convention on International Trade in Endangered Species of Wild Fauna and Flora;Biodiversidade - Espécies;1979-03;San José, Costa Rica;Main regular party meetings (COP, MOP, etc);Lista obtida
CITES, COP03;Convention on International Trade in Endangered Species of Wild Fauna and Flora;Biodiversidade - Espécies;1981-03;New Delhi, India;Main regular party meetings (COP, MOP, etc);Lista obtida
CITES, COP04;Convention on International Trade in Endangered Species of Wild Fauna and Flora;Biodiversidade - Espécies;1983-04;Gaborone, Botswana;Main regular party meetings (COP, MOP, etc);Lista obtida
CITES, COP05;Convention on International Trade in Endangered Species of Wild Fauna and Flora;Biodiversidade - Espécies;1985-05;Buenos Aires, Argentina;Main regular party meetings (COP, MOP, etc);Lista obtida
CITES, COP06;Convention on International Trade in Endangered Species of Wild Fauna and Flora;Biodiversidade - Espécies;1987-07;Ottawa, Canada;Main regular party meetings (COP, MOP, etc);Lista obtida
CITES, COP07;Convention on International Trade in Endangered Species of Wild Fauna and Flora;Biodiversidade - Espécies;1989-10;Lausanne, Switzerland;Main regular party meetings (COP, MOP, etc);Lista obtida
CITES, COP08;Convention on International Trade in Endangered Species of Wild Fauna and Flora;Biodiversidade - Espécies;1992-03;Kyoto, Japan;Main regular party meetings (COP, MOP, etc);Lista obtida
CITES, COP09;Convention on International Trade in Endangered Species of Wild Fauna and Flora;Biodiversidade - Espécies;1994-11;Fort Lauderdale, United States of America;Main regular party meetings (COP, MOP, etc);Lista obtida
CITES, COP10;Convention on International Trade in Endangered Species of Wild Fauna and Flora;Biodiversidade - Espécies;1997-06;Harare, Zimbabue;Main regular party meetings (COP, MOP, etc);Lista obtida
CITES, COP11;Convention on International Trade in Endangered Species of Wild Fauna and Flora;Biodiversidade - Espécies;2000-04;Gigiri, Kenya;Main regular party meetings (COP, MOP, etc);Lista obtida
CITES, COP12;Convention on International Trade in Endangered Species of Wild Fauna and Flora;Biodiversidade - Espécies;2002-11;Santiago, Chile;Main regular party meetings (COP, MOP, etc);Lista obtida
CITES, COP13;Convention on International Trade in Endangered Species of Wild Fauna and Flora;Biodiversidade - Espécies;2004-10;Bangkok, Thailand;Main regular party meetings (COP, MOP, etc);Lista obtida
CITES, COP14;Convention on International Trade in Endangered Species of Wild Fauna and Flora;Biodiversidade - Espécies;2007-06;The Hague, Netherlands;Main regular party meetings (COP, MOP, etc);Lista obtida
CITES, COP15;Convention on International Trade in Endangered Species of Wild Fauna and Flora;Biodiversidade - Espécies;2010-03;Doha, Qatar;Main regular party meetings (COP, MOP, etc);Lista obtida
CITES, COP16;Convention on International Trade in Endangered Species of Wild Fauna and Flora;Biodiversidade - Espécies;2013-03;Bangkok, Thailand;Main regular party meetings (COP, MOP, etc);Lista obtida
CITES, COP17;Convention on International Trade in Endangered Species of Wild Fauna and Flora;Biodiversidade - Espécies;2016-10;Johannesburg, South Africa;Main regular party meetings (COP, MOP, etc);Lista obtida
CMS, CONF;Convention on Migratory Species;Biodiversidade - Espécies;1979-10;Bonn, Germany;Conference of plenipotentiaries;Lista não obtida
CMS, COP01;Convention on Migratory Species;Biodiversidade - Espécies;1985-10;Bonn, Germany;Main regular party meetings (COP, MOP, etc);Lista obtida
CMS, COP02;Convention on Migratory Species;Biodiversidade - Espécies;1988-10;Geneva, Switzerland;Main regular party meetings (COP, MOP, etc);Lista obtida
CMS, COP03;Convention on Migratory Species;Biodiversidade - Espécies;1991-09;Geneva, Switzerland;Main regular party meetings (COP, MOP, etc);Lista obtida
CMS, COP04;Convention on Migratory Species;Biodiversidade - Espécies;1994-06;Nairobi, Kenya;Main regular party meetings (COP, MOP, etc);Lista obtida
CMS, COP05;Convention on Migratory Species;Biodiversidade - Espécies;1997-04;Geneva, Switzerland;Main regular party meetings (COP, MOP, etc);Lista não obtida
CMS, COP06;Convention on Migratory Species;Biodiversidade - Espécies;1999-11;Cape Town, South Africa;Main regular party meetings (COP, MOP, etc);Lista não obtida
CMS, COP07;Convention on Migratory Species;Biodiversidade - Espécies;2002-09;Bonn, Germany;Main regular party meetings (COP, MOP, etc);Lista obtida
CMS, COP08;Convention on Migratory Species;Biodiversidade - Espécies;2005-11;Nairobi, Kenya;Main regular party meetings (COP, MOP, etc);Lista não obtida
CMS, COP09;Convention on Migratory Species;Biodiversidade - Espécies;2008-12;Rome, Italy;Main regular party meetings (COP, MOP, etc);Lista obtida
CMS, COP10;Convention on Migratory Species;Biodiversidade - Espécies;2011-11;Bergen, Norway;Main regular party meetings (COP, MOP, etc);Lista obtida
CMS, COP11;Convention on Migratory Species;Biodiversidade - Espécies;2014-11;Quito, Ecuador;Main regular party meetings (COP, MOP, etc);Lista obtida
CMS, COP12;Convention on Migratory Species;Biodiversidade - Espécies;2017-10;Manila, Philippines;Main regular party meetings (COP, MOP, etc);Lista não obtida
COFO, 01;FAO Committee on Forestry;Florestas;1972-03;Rome, Italy;Main regular party meetings (COP, MOP, etc);Lista obtida
COFO, 02;FAO Committee on Forestry;Florestas;1974-05;Rome, Italy;Main regular party meetings (COP, MOP, etc);Lista obtida
COFO, 03;FAO Committee on Forestry;Florestas;1976-11;Rome, Italy;Main regular party meetings (COP, MOP, etc);Lista obtida
COFO, 04;FAO Committee on Forestry;Florestas;1978-05;Rome, Italy;Main regular party meetings (COP, MOP, etc);Lista obtida
COFO, 05;FAO Committee on Forestry;Florestas;1980-05;Rome, Italy;Main regular party meetings (COP, MOP, etc);Lista obtida
COFO, 06;FAO Committee on Forestry;Florestas;1982-05;Rome, Italy;Main regular party meetings (COP, MOP, etc);Lista obtida
COFO, 07;FAO Committee on Forestry;Florestas;1984-05;Rome, Italy;Main regular party meetings (COP, MOP, etc);Lista obtida
COFO, 08;FAO Committee on Forestry;Florestas;1986-04;Rome, Italy;Main regular party meetings (COP, MOP, etc);Lista obtida
COFO, 09;FAO Committee on Forestry;Florestas;1988-05;Rome, Italy;Main regular party meetings (COP, MOP, etc);Lista obtida
COFO, 10;FAO Committee on Forestry;Florestas;1990-09;Rome, Italy;Main regular party meetings (COP, MOP, etc);Lista obtida
COFO, 11;FAO Committee on Forestry;Florestas;1993-03;Rome, Italy;Main regular party meetings (COP, MOP, etc);Lista obtida
COFO, 12;FAO Committee on Forestry;Florestas;1995-03;Rome, Italy;Main regular party meetings (COP, MOP, etc);Lista obtida
COFO, 13;FAO Committee on Forestry;Florestas;1997-03;Rome, Italy;Main regular party meetings (COP, MOP, etc);Lista obtida
COFO, 14;FAO Committee on Forestry;Florestas;1999-03;Rome, Italy;Main regular party meetings (COP, MOP, etc);Lista não obtida
COFO, 15;FAO Committee on Forestry;Florestas;2001-03;Rome, Italy;Main regular party meetings (COP, MOP, etc);Lista não obtida
COFO, 16;FAO Committee on Forestry;Florestas;2003-03;Rome, Italy;Main regular party meetings (COP, MOP, etc);Lista não obtida
COFO, 17;FAO Committee on Forestry;Florestas;2005-03;Rome, Italy;Main regular party meetings (COP, MOP, etc);Lista obtida
COFO, 18;FAO Committee on Forestry;Florestas;2007-03;Rome, Italy;Main regular party meetings (COP, MOP, etc);Lista obtida
COFO, 19;FAO Committee on Forestry;Florestas;2009-03;Rome, Italy;Main regular party meetings (COP, MOP, etc);Lista não obtida
COFO, 20;FAO Committee on Forestry;Florestas;2010-10;Rome, Italy;Main regular party meetings (COP, MOP, etc);Lista obtida
COFO, 21;FAO Committee on Forestry;Florestas;2012-09;Rome, Italy;Main regular party meetings (COP, MOP, etc);Lista obtida
COFO, 22;FAO Committee on Forestry;Florestas;2014-06;Rome, Italy;Main regular party meetings (COP, MOP, etc);Lista obtida
COFO, 23;FAO Committee on Forestry;Florestas;2016-07;Rome, Italy;Main regular party meetings (COP, MOP, etc);Lista não obtida
COFO, 24;FAO Committee on Forestry;Florestas;2018-06;Rome, Italy;Main regular party meetings (COP, MOP, etc);Lista obtida
CPM, 01;International Plant Protection Convention;Biodiversidade - Plantas;2006-04;Rome, Italy;Main regular party meetings (COP, MOP, etc);Lista obtida
CPM, 02;International Plant Protection Convention;Biodiversidade - Plantas;2007-03;Rome, Italy;Main regular party meetings (COP, MOP, etc);Lista obtida
CPM, 03;International Plant Protection Convention;Biodiversidade - Plantas;2008-04;Rome, Italy;Main regular party meetings (COP, MOP, etc);Lista obtida
CPM, 04;International Plant Protection Convention;Biodiversidade - Plantas;2009-04;Rome, Italy;Main regular party meetings (COP, MOP, etc);Lista obtida
CPM, 05;International Plant Protection Convention;Biodiversidade - Plantas;2010-03;Rome, Italy;Main regular party meetings (COP, MOP, etc);Lista obtida
CPM, 06;International Plant Protection Convention;Biodiversidade - Plantas;2011-03;Rome, Italy;Main regular party meetings (COP, MOP, etc);Lista obtida
CPM, 07;International Plant Protection Convention;Biodiversidade - Plantas;2012-03;Rome, Italy;Main regular party meetings (COP, MOP, etc);Lista obtida
CPM, 08;International Plant Protection Convention;Biodiversidade - Plantas;2013-04;Rome, Italy;Main regular party meetings (COP, MOP, etc);Lista obtida
CPM, 09;International Plant Protection Convention;Biodiversidade - Plantas;2014-04;Rome, Italy;Main regular party meetings (COP, MOP, etc);Lista obtida
CPM, 10;International Plant Protection Convention;Biodiversidade - Plantas;2015-03;Rome, Italy;Main regular party meetings (COP, MOP, etc);Lista obtida
CPM, 11;International Plant Protection Convention;Biodiversidade - Plantas;2016-04;Rome, Italy;Main regular party meetings (COP, MOP, etc);Lista obtida
CPM, 12;International Plant Protection Convention;Biodiversidade - Plantas;2017-04;Incheon, South Korea;Main regular party meetings (COP, MOP, etc);Lista obtida
CPM, 13;International Plant Protection Convention;Biodiversidade - Plantas;2018-04;Rome, Italy;Main regular party meetings (COP, MOP, etc);Lista obtida
GEF Assembly, 1;Global Environmental Facility;Financiamento;1998-04;New Delhi, India;Main regular party meetings (COP, MOP, etc);Lista não obtida
GEF Assembly, 2;Global Environmental Facility;Financiamento;2002-10;Beijing, China;Main regular party meetings (COP, MOP, etc);Lista não obtida
GEF Assembly, 3;Global Environmental Facility;Financiamento;2006-08;Cape Town, South Africa;Main regular party meetings (COP, MOP, etc);Lista não obtida
GEF Assembly, 4;Global Environmental Facility;Financiamento;2010-05;Punta del Este, Uruguay;Main regular party meetings (COP, MOP, etc);Lista não obtida
GEF Assembly, 5;Global Environmental Facility;Financiamento;2014-05;Cancun, Mexico;Main regular party meetings (COP, MOP, etc);Lista não obtida
GEF Assembly, 6;Global Environmental Facility;Financiamento;2018-06;Da Nang, Vietnam;Main regular party meetings (COP, MOP, etc);Lista não obtida
HNS-OPRC, CONF;Conference on International Co-operation on Preparedness and Response to Pollution Incidents by Hazardous and Noxious Substances;Oceano;2000-05;London, United Kingdom;Conference of plenipotentiaries;Lista obtida
ICCD, CONF;UN Convention to Combat Desertification;Desertificação;1994-06;Paris, France;Conference of plenipotentiaries;Lista não obtida
ICCD, COP01;UN Convention to Combat Desertification;Desertificação;1997-10;Rome, Italy;Main regular party meetings (COP, MOP, etc);Lista não obtida
ICCD, COP02;UN Convention to Combat Desertification;Desertificação;1998-12;Dakar, Senegal;Main regular party meetings (COP, MOP, etc);Lista obtida
ICCD, COP03;UN Convention to Combat Desertification;Desertificação;1999-11;Recife, Brazil;Main regular party meetings (COP, MOP, etc);Lista obtida
ICCD, COP04;UN Convention to Combat Desertification;Desertificação;2000-12;Bonn, Germany;Main regular party meetings (COP, MOP, etc);Lista obtida
ICCD, COP05;UN Convention to Combat Desertification;Desertificação;2001-12;Geneva, Switzerland;Main regular party meetings (COP, MOP, etc);Lista obtida
ICCD, COP06;UN Convention to Combat Desertification;Desertificação;2003-09;Havana, Cuba;Main regular party meetings (COP, MOP, etc);Lista obtida
ICCD, COP07;UN Convention to Combat Desertification;Desertificação;2005-10;Nairobi, Kenya;Main regular party meetings (COP, MOP, etc);Lista obtida
ICCD, COP08;UN Convention to Combat Desertification;Desertificação;2007-09;Madrid, Spain;Main regular party meetings (COP, MOP, etc);Lista obtida
ICCD, COP09;UN Convention to Combat Desertification;Desertificação;2009-10;Buenos Aires, Argentina;Main regular party meetings (COP, MOP, etc);Lista obtida
ICCD, COP10;UN Convention to Combat Desertification;Desertificação;2011-10;Changwon, South Korea;Main regular party meetings (COP, MOP, etc);Lista obtida
ICCD, COP11;UN Convention to Combat Desertification;Desertificação;2013-09;Windhoek, Namibia;Main regular party meetings (COP, MOP, etc);Lista obtida
ICCD, COP12;UN Convention to Combat Desertification;Desertificação;2015-10;Ankara, Turkey;Main regular party meetings (COP, MOP, etc);Lista obtida
ICCD, COP13;UN Convention to Combat Desertification;Desertificação;2017-09;Ordos, China;Main regular party meetings (COP, MOP, etc);Lista obtida
ICCD, COP-ES 01;UN Convention to Combat Desertification;Desertificação;2007-11;New York, United States of America;Main regular party meetings (COP, MOP, etc);Lista obtida
ICCD, INC 01;UN Convention to Combat Desertification;Desertificação;1993-06;Nairobi, Kenya;Prep/Negotiation committees (pre-treaty);Lista não obtida
ICCD, INC 02;UN Convention to Combat Desertification;Desertificação;1993-09;Geneva, Switzerland;Prep/Negotiation committees (pre-treaty);Lista obtida
ICCD, INC 03;UN Convention to Combat Desertification;Desertificação;1994-01;New York, United States of America;Prep/Negotiation committees (pre-treaty);Lista não obtida
ICCD, INC 04;UN Convention to Combat Desertification;Desertificação;1994-03;Geneva, Switzerland;Prep/Negotiation committees (pre-treaty);Lista obtida
ICCD, INC 05;UN Convention to Combat Desertification;Desertificação;1994-06;Paris, France;Prep/Negotiation committees (pre-treaty);Lista não obtida
ICCD, INC 06;UN Convention to Combat Desertification;Desertificação;1995-01;New York, United States of America;Prep/Negotiation committees (pre-treaty);Lista não obtida
ICCD, INC 07;UN Convention to Combat Desertification;Desertificação;1995-08;Nairobi, Kenya;Prep/Negotiation committees (pre-treaty);Lista não obtida
ICCD, INC 08;UN Convention to Combat Desertification;Desertificação;1996-06;Geneva, Switzerland;Prep/Negotiation committees (pre-treaty);Lista obtida
ICCD, INC Organizational Session;UN Convention to Combat Desertification;Desertificação;1993-01;New York, United States of America;Prep/Negotiation committees (pre-treaty);Lista não obtida
ICCM, 01;International Conference on Chemicals Management;Lixo tóxico e químicos;2006-02;Dubai, United Arab Emirates;Main regular party meetings (COP, MOP, etc);Lista não obtida
ICCM, 02;International Conference on Chemicals Management;Lixo tóxico e químicos;2009-05;Geneva, Switzerland;Main regular party meetings (COP, MOP, etc);Lista obtida
ICCM, 03;International Conference on Chemicals Management;Lixo tóxico e químicos;2012-09;Nairobi, Kenya;Main regular party meetings (COP, MOP, etc);Lista obtida
ICCM, 04;International Conference on Chemicals Management;Lixo tóxico e químicos;2015-10;Geneva, Switzerland;Main regular party meetings (COP, MOP, etc);Lista obtida
ICPM, 01;International Plant Protection Convention;Biodiversidade - Plantas;1998-11;Rome, Italy;Main regular party meetings (COP, MOP, etc);Lista obtida
ICPM, 02;International Plant Protection Convention;Biodiversidade - Plantas;1999-10;Rome, Italy;Main regular party meetings (COP, MOP, etc);Lista não obtida
ICPM, 03;International Plant Protection Convention;Biodiversidade - Plantas;2001-04;Rome, Italy;Main regular party meetings (COP, MOP, etc);Lista obtida
ICPM, 04;International Plant Protection Convention;Biodiversidade - Plantas;2002-04;Rome, Italy;Main regular party meetings (COP, MOP, etc);Lista obtida
ICPM, 05;International Plant Protection Convention;Biodiversidade - Plantas;2003-04;Rome, Italy;Main regular party meetings (COP, MOP, etc);Lista obtida
ICPM, 06;International Plant Protection Convention;Biodiversidade - Plantas;2004-04;Rome, Italy;Main regular party meetings (COP, MOP, etc);Lista obtida
ICPM, 07;International Plant Protection Convention;Biodiversidade - Plantas;2005-04;Rome, Italy;Main regular party meetings (COP, MOP, etc);Lista obtida
IMO LEG, CONF17;International Conference on the Revision of the HNS Convention;Oceano;2010-04;;Conference of plenipotentiaries;Lista obtida
Intergovernmental Meeting on Ocean Dumping;London Convention on the Prevention of Marine Pollution by Dumping of Wastes and Other Matter 1972;Oceano;1972-04;Reykjavik, Iceland;Prep/Negotiation committees (pre-treaty);
ITPGRFA, Governing Body 1;International Treaty on Plant Genetic Resources for Food and Agriculture;Biodiversidade - Plantas;2006-06;Madrid, Spain;Main regular party meetings (COP, MOP, etc);Lista não obtida
ITPGRFA, Governing Body 2;International Treaty on Plant Genetic Resources for Food and Agriculture;Biodiversidade - Plantas;2007-10;Rome, Italy;Main regular party meetings (COP, MOP, etc);Lista não obtida
ITPGRFA, Governing Body 3;International Treaty on Plant Genetic Resources for Food and Agriculture;Biodiversidade - Plantas;2009-06;Tunis, Tunisia;Main regular party meetings (COP, MOP, etc);Lista não obtida
ITPGRFA, Governing Body 4;International Treaty on Plant Genetic Resources for Food and Agriculture;Biodiversidade - Plantas;2011-03;Bali, Indonesia;Main regular party meetings (COP, MOP, etc);Lista não obtida
ITPGRFA, Governing Body 5;International Treaty on Plant Genetic Resources for Food and Agriculture;Biodiversidade - Plantas;2013-09;Muscat, Oman;Main regular party meetings (COP, MOP, etc);Lista não obtida
ITPGRFA, Governing Body 6;International Treaty on Plant Genetic Resources for Food and Agriculture;Biodiversidade - Plantas;2015-10;Rome, Italy;Main regular party meetings (COP, MOP, etc);Lista não obtida
ITPGRFA, Governing Body 7;International Treaty on Plant Genetic Resources for Food and Agriculture;Biodiversidade - Plantas;2017-10;Kigali, Rwanda;Main regular party meetings (COP, MOP, etc);Lista não obtida
ITTC, 01;International Tropical Timber Organization;Florestas;1986-08;;Main regular party meetings (COP, MOP, etc);Lista não obtida
ITTC, 02;International Tropical Timber Organization;Florestas;1987-03;;Main regular party meetings (COP, MOP, etc);Lista não obtida
ITTC, 03;International Tropical Timber Organization;Florestas;1987-11;Yokohama, Japan;Main regular party meetings (COP, MOP, etc);Lista não obtida
ITTC, 04;International Tropical Timber Organization;Florestas;1988-07;Rio de Janeiro, Brazil;Main regular party meetings (COP, MOP, etc);Lista não obtida
ITTC, 05;International Tropical Timber Organization;Florestas;1988-11;Yokohama, Japan;Main regular party meetings (COP, MOP, etc);Lista não obtida
ITTC, 06;International Tropical Timber Organization;Florestas;1989-05;Abidjan, Cote d'Ivoire;Main regular party meetings (COP, MOP, etc);Lista não obtida
ITTC, 07;International Tropical Timber Organization;Florestas;1989-11;Yokohama, Japan;Main regular party meetings (COP, MOP, etc);Lista não obtida
ITTC, 08;International Tropical Timber Organization;Florestas;1990-05;Bali, Indonesia;Main regular party meetings (COP, MOP, etc);Lista não obtida
ITTC, 09;International Tropical Timber Organization;Florestas;1990-11;Yokohama, Japan;Main regular party meetings (COP, MOP, etc);Lista não obtida
ITTC, 10;International Tropical Timber Organization;Florestas;1991-06;Quito, Ecuador;Main regular party meetings (COP, MOP, etc);Lista não obtida
ITTC, 11;International Tropical Timber Organization;Florestas;1991-12;Yokohama, Japan;Main regular party meetings (COP, MOP, etc);Lista não obtida
ITTC, 12;International Tropical Timber Organization;Florestas;1992-05;Yaoundé, Cameroon;Main regular party meetings (COP, MOP, etc);Lista não obtida
ITTC, 13;International Tropical Timber Organization;Florestas;1992-11;Yokohama, Japan;Main regular party meetings (COP, MOP, etc);Lista não obtida
ITTC, 14;International Tropical Timber Organization;Florestas;1993-05;Kuala Lumpur, Malaysia;Main regular party meetings (COP, MOP, etc);Lista não obtida
ITTC, 15;International Tropical Timber Organization;Florestas;1993-11;Yokohama, Japan;Main regular party meetings (COP, MOP, etc);Lista não obtida
ITTC, 16;International Tropical Timber Organization;Florestas;1994-05;Cartagena, Colombia;Main regular party meetings (COP, MOP, etc);Lista não obtida
ITTC, 17;International Tropical Timber Organization;Florestas;1994-11;Yokohama, Japan;Main regular party meetings (COP, MOP, etc);Lista não obtida
ITTC, 18;International Tropical Timber Organization;Florestas;1995-05;Accra, Ghana;Main regular party meetings (COP, MOP, etc);Lista não obtida
ITTC, 19;International Tropical Timber Organization;Florestas;1995-11;Yokohama, Japan;Main regular party meetings (COP, MOP, etc);Lista não obtida
ITTC, 20;International Tropical Timber Organization;Florestas;1996-05;Manila, Philippines;Main regular party meetings (COP, MOP, etc);Lista não obtida
ITTC, 21;International Tropical Timber Organization;Florestas;1996-11;Yokohama, Japan;Main regular party meetings (COP, MOP, etc);Lista não obtida
ITTC, 22;International Tropical Timber Organization;Florestas;1997-05;Santa Cruz de la Sierra, Bolivia;Main regular party meetings (COP, MOP, etc);Lista não obtida
ITTC, 23;International Tropical Timber Organization;Florestas;1997-12;Yokohama, Japan;Main regular party meetings (COP, MOP, etc);Lista não obtida
ITTC, 24;International Tropical Timber Organization;Florestas;1998-05;Libreville, Gabon;Main regular party meetings (COP, MOP, etc);Lista não obtida
ITTC, 25;International Tropical Timber Organization;Florestas;1998-11;Yokohama, Japan;Main regular party meetings (COP, MOP, etc);Lista não obtida
ITTC, 26;International Tropical Timber Organization;Florestas;1999-06;Chiang Mai, Thailand;Main regular party meetings (COP, MOP, etc);Lista não obtida
ITTC, 27;International Tropical Timber Organization;Florestas;1999-11;Yokohama, Japan;Main regular party meetings (COP, MOP, etc);Lista não obtida
ITTC, 28;International Tropical Timber Organization;Florestas;2000-05;Lima, Peru;Main regular party meetings (COP, MOP, etc);Lista não obtida
ITTC, 29;International Tropical Timber Organization;Florestas;2000-11;Yokohama, Japan;Main regular party meetings (COP, MOP, etc);Lista não obtida
ITTC, 30;International Tropical Timber Organization;Florestas;2001-06;Yaoundé, Cameroon;Main regular party meetings (COP, MOP, etc);Lista não obtida
ITTC, 31;International Tropical Timber Organization;Florestas;2001-11;Yokohama, Japan;Main regular party meetings (COP, MOP, etc);Lista não obtida
ITTC, 32;International Tropical Timber Organization;Florestas;2002-05;Bali, Indonesia;Main regular party meetings (COP, MOP, etc);Lista não obtida
ITTC, 33;International Tropical Timber Organization;Florestas;2002-11;Yokohama, Japan;Main regular party meetings (COP, MOP, etc);Lista não obtida
ITTC, 34;International Tropical Timber Organization;Florestas;2003-05;Panama, Panama;Main regular party meetings (COP, MOP, etc);Lista não obtida
ITTC, 35;International Tropical Timber Organization;Florestas;2003-11;Yokohama, Japan;Main regular party meetings (COP, MOP, etc);Lista não obtida
ITTC, 36;International Tropical Timber Organization;Florestas;2004-07;Interlaken, Sweden;Main regular party meetings (COP, MOP, etc);Lista não obtida
ITTC, 37;International Tropical Timber Organization;Florestas;2004-12;Yokohama, Japan;Main regular party meetings (COP, MOP, etc);Lista não obtida
ITTC, 38;International Tropical Timber Organization;Florestas;2005-06;Brazaville, Republic of Congo;Main regular party meetings (COP, MOP, etc);Lista não obtida
ITTC, 39;International Tropical Timber Organization;Florestas;2005-11;Yokohama, Japan;Main regular party meetings (COP, MOP, etc);Lista não obtida
ITTC, 40;International Tropical Timber Organization;Florestas;2006-06;Mérida, México;Main regular party meetings (COP, MOP, etc);Lista não obtida
ITTC, 41;International Tropical Timber Organization;Florestas;2006-11;Yokohama, Japan;Main regular party meetings (COP, MOP, etc);Lista não obtida
ITTC, 42;International Tropical Timber Organization;Florestas;2007-05;Port Moresby, Papua New Guinea;Main regular party meetings (COP, MOP, etc);Lista não obtida
ITTC, 43;International Tropical Timber Organization;Florestas;2007-11;Yokohama, Japan;Main regular party meetings (COP, MOP, etc);Lista não obtida
ITTC, 44;International Tropical Timber Organization;Florestas;2008-11;Yokohama, Japan;Main regular party meetings (COP, MOP, etc);Lista não obtida
ITTC, 45;International Tropical Timber Organization;Florestas;2009-11;Yokohama, Japan;Main regular party meetings (COP, MOP, etc);Lista não obtida
ITTC, 46;International Tropical Timber Organization;Florestas;2010-12;Yokohama, Japan;Main regular party meetings (COP, MOP, etc);Lista obtida
ITTC, 47;International Tropical Timber Organization;Florestas;2011-11;La Antigua Guatemala, Guatemala;Main regular party meetings (COP, MOP, etc);Lista obtida
ITTC, 48;International Tropical Timber Organization;Florestas;2012-11;Yokohama, Japan;Main regular party meetings (COP, MOP, etc);Lista obtida
ITTC, 49;International Tropical Timber Organization;Florestas;2013-11;Libreville, Gabon;Main regular party meetings (COP, MOP, etc);Lista obtida
ITTC, 50;International Tropical Timber Organization;Florestas;2014-11;Yokohama, Japan;Main regular party meetings (COP, MOP, etc);Lista obtida
ITTC, 51;International Tropical Timber Organization;Florestas;2015-11;Kuala Lumpur, Malaysia;Main regular party meetings (COP, MOP, etc);Lista obtida
ITTC, 52;International Tropical Timber Organization;Florestas;2016-11;Yokohama, Japan;Main regular party meetings (COP, MOP, etc);Lista obtida
ITTC, 53;International Tropical Timber Organization;Florestas;2017-12;Lima, Peru;Main regular party meetings (COP, MOP, etc);Lista obtida
ITTC, 54;International Tropical Timber Organization;Florestas;2018-11;Yokohama, Japan;Main regular party meetings (COP, MOP, etc);Lista obtida
ITTC, S01;International Tropical Timber Organization;Florestas;1993-01;Quito, Ecuador;Main regular party meetings (COP, MOP, etc);Lista não obtida
ITTC, S02;International Tropical Timber Organization;Florestas;1994-01;Geneva, Switzerland;Main regular party meetings (COP, MOP, etc);Lista não obtida
IWGMP, 01;London Convention on the Prevention of Marine Pollution by Dumping of Wastes and Other Matter 1972;Oceano;1971-06;London, United Kingdom;Prep/Negotiation committees (pre-treaty);Lista não obtida
IWGMP, 02;London Convention on the Prevention of Marine Pollution by Dumping of Wastes and Other Matter 1972;Oceano;1971-11;Ottawa, Canada;Prep/Negotiation committees (pre-treaty);Lista não obtida
LC, 15;London Convention on the Prevention of Marine Pollution by Dumping of Wastes and Other Matter 1972;Oceano;1993;London, United Kingdom;Main regular party meetings (COP, MOP, etc);Lista não obtida
LC, 16;London Convention on the Prevention of Marine Pollution by Dumping of Wastes and Other Matter 1972;Oceano;1994;London, United Kingdom;Main regular party meetings (COP, MOP, etc);Lista não obtida
LC, 17;London Convention on the Prevention of Marine Pollution by Dumping of Wastes and Other Matter 1972;Oceano;1995;London, United Kingdom;Main regular party meetings (COP, MOP, etc);Lista não obtida
LC, 18;London Convention on the Prevention of Marine Pollution by Dumping of Wastes and Other Matter 1972;Oceano;1996;London, United Kingdom;Main regular party meetings (COP, MOP, etc);Lista não obtida
LC, 19;London Convention on the Prevention of Marine Pollution by Dumping of Wastes and Other Matter 1972;Oceano;1997;London, United Kingdom;Main regular party meetings (COP, MOP, etc);Lista não obtida
LC, 20;London Convention on the Prevention of Marine Pollution by Dumping of Wastes and Other Matter 1972;Oceano;1998-12;London, United Kingdom;Main regular party meetings (COP, MOP, etc);Lista obtida
LC, 21;London Convention on the Prevention of Marine Pollution by Dumping of Wastes and Other Matter 1972;Oceano;1999;London, United Kingdom;Main regular party meetings (COP, MOP, etc);Lista não obtida
LC, 22;London Convention on the Prevention of Marine Pollution by Dumping of Wastes and Other Matter 1972;Oceano;2000;London, United Kingdom;Main regular party meetings (COP, MOP, etc);Lista não obtida
LC, 23;London Convention on the Prevention of Marine Pollution by Dumping of Wastes and Other Matter 1972;Oceano;2001;London, United Kingdom;Main regular party meetings (COP, MOP, etc);Lista não obtida
LC, 24;London Convention on the Prevention of Marine Pollution by Dumping of Wastes and Other Matter 1972;Oceano;2002-11;London, United Kingdom;Main regular party meetings (COP, MOP, etc);Lista obtida
LC, 25;London Convention on the Prevention of Marine Pollution by Dumping of Wastes and Other Matter 1972;Oceano;2003;London, United Kingdom;Main regular party meetings (COP, MOP, etc);Lista não obtida
LC, 26;London Convention on the Prevention of Marine Pollution by Dumping of Wastes and Other Matter 1972;Oceano;2004-10;London, United Kingdom;Main regular party meetings (COP, MOP, etc);Lista obtida
LC, 27;London Convention on the Prevention of Marine Pollution by Dumping of Wastes and Other Matter 1972;Oceano;2005-10;London, United Kingdom;Main regular party meetings (COP, MOP, etc);Lista obtida
LC, 28;London Convention on the Prevention of Marine Pollution by Dumping of Wastes and Other Matter 1972;Oceano;2006-11;London, United Kingdom;Main regular party meetings (COP, MOP, etc);Lista obtida
LC, 29;London Convention on the Prevention of Marine Pollution by Dumping of Wastes and Other Matter 1972;Oceano;2007;London, United Kingdom;Main regular party meetings (COP, MOP, etc);Lista não obtida
LC, 30;London Convention on the Prevention of Marine Pollution by Dumping of Wastes and Other Matter 1972;Oceano;2008-10;London, United Kingdom;Main regular party meetings (COP, MOP, etc);Lista obtida
LC, 31;London Convention on the Prevention of Marine Pollution by Dumping of Wastes and Other Matter 1972;Oceano;2009-10;London, United Kingdom;Main regular party meetings (COP, MOP, etc);Lista obtida
LC, 32;London Convention on the Prevention of Marine Pollution by Dumping of Wastes and Other Matter 1972;Oceano;2010;London, United Kingdom;Main regular party meetings (COP, MOP, etc);Lista não obtida
LC, 33;London Convention on the Prevention of Marine Pollution by Dumping of Wastes and Other Matter 1972;Oceano;2011-10;London, United Kingdom;Main regular party meetings (COP, MOP, etc);Lista obtida
LC, 34;London Convention on the Prevention of Marine Pollution by Dumping of Wastes and Other Matter 1972;Oceano;2012-11;London, United Kingdom;Main regular party meetings (COP, MOP, etc);Lista obtida
LC, 35;London Convention on the Prevention of Marine Pollution by Dumping of Wastes and Other Matter 1972;Oceano;2013-10;London, United Kingdom;Main regular party meetings (COP, MOP, etc);Lista obtida
LC, 36;London Convention on the Prevention of Marine Pollution by Dumping of Wastes and Other Matter 1972;Oceano;2014-11;London, United Kingdom;Main regular party meetings (COP, MOP, etc);Lista obtida
LC, 37;London Convention on the Prevention of Marine Pollution by Dumping of Wastes and Other Matter 1972;Oceano;2015-10;London, United Kingdom;Main regular party meetings (COP, MOP, etc);Lista obtida
LC, 38;London Convention on the Prevention of Marine Pollution by Dumping of Wastes and Other Matter 1972;Oceano;2016-09;London, United Kingdom;Main regular party meetings (COP, MOP, etc);Lista obtida
LC, 39;London Convention on the Prevention of Marine Pollution by Dumping of Wastes and Other Matter 1972;Oceano;2017;London, United Kingdom;Main regular party meetings (COP, MOP, etc);Lista não obtida
LC, 40;London Convention on the Prevention of Marine Pollution by Dumping of Wastes and Other Matter 1972;Oceano;2018;London, United Kingdom;Main regular party meetings (COP, MOP, etc);Lista não obtida
LC, CONF;London Convention on the Prevention of Marine Pollution by Dumping of Wastes and Other Matter 1972;Oceano;1972-11;London, United Kingdom;Conference of plenipotentiaries;Lista não obtida
LDC, 01;London Convention on the Prevention of Marine Pollution by Dumping of Wastes and Other Matter 1972;Oceano;1975-12;London, United Kingdom;Main regular party meetings (COP, MOP, etc);Lista obtida
LDC, 02;London Convention on the Prevention of Marine Pollution by Dumping of Wastes and Other Matter 1972;Oceano;1977-09;London, United Kingdom;Main regular party meetings (COP, MOP, etc);Lista não obtida
LDC, 03;London Convention on the Prevention of Marine Pollution by Dumping of Wastes and Other Matter 1972;Oceano;1978-10;London, United Kingdom;Main regular party meetings (COP, MOP, etc);Lista não obtida
LDC, 04;London Convention on the Prevention of Marine Pollution by Dumping of Wastes and Other Matter 1972;Oceano;1979-10;London, United Kingdom;Main regular party meetings (COP, MOP, etc);Lista não obtida
LDC, 05;London Convention on the Prevention of Marine Pollution by Dumping of Wastes and Other Matter 1972;Oceano;1980-09;London, United Kingdom;Main regular party meetings (COP, MOP, etc);Lista não obtida
LDC, 06;London Convention on the Prevention of Marine Pollution by Dumping of Wastes and Other Matter 1972;Oceano;1981-10;London, United Kingdom;Main regular party meetings (COP, MOP, etc);Lista não obtida
LDC, 07;London Convention on the Prevention of Marine Pollution by Dumping of Wastes and Other Matter 1972;Oceano;1983-02;London, United Kingdom;Main regular party meetings (COP, MOP, etc);Lista não obtida
LDC, 08;London Convention on the Prevention of Marine Pollution by Dumping of Wastes and Other Matter 1972;Oceano;1984-02;London, United Kingdom;Main regular party meetings (COP, MOP, etc);Lista não obtida
LDC, 09;London Convention on the Prevention of Marine Pollution by Dumping of Wastes and Other Matter 1972;Oceano;1985-09;London, United Kingdom;Main regular party meetings (COP, MOP, etc);Lista não obtida
LDC, 10;London Convention on the Prevention of Marine Pollution by Dumping of Wastes and Other Matter 1972;Oceano;1986-10;London, United Kingdom;Main regular party meetings (COP, MOP, etc);Lista não obtida
LDC, 11;London Convention on the Prevention of Marine Pollution by Dumping of Wastes and Other Matter 1972;Oceano;1988-10;London, United Kingdom;Main regular party meetings (COP, MOP, etc);Lista não obtida
LDC, 12;London Convention on the Prevention of Marine Pollution by Dumping of Wastes and Other Matter 1972;Oceano;1989-11;London, United Kingdom;Main regular party meetings (COP, MOP, etc);Lista não obtida
LDC, 13;London Convention on the Prevention of Marine Pollution by Dumping of Wastes and Other Matter 1972;Oceano;1990-11;London, United Kingdom;Main regular party meetings (COP, MOP, etc);Lista não obtida
LDC, 14;London Convention on the Prevention of Marine Pollution by Dumping of Wastes and Other Matter 1972;Oceano;1991-11;London, United Kingdom;Main regular party meetings (COP, MOP, etc);Lista não obtida
MARPOL, CONF;International Convention for the Prevention of Pollution from Ships;Oceano;1973-11;;Conference of plenipotentiaries;Lista obtida
MARPOL, COP01;International Convention for the Prevention of Pollution from Ships;Oceano;1994-11;;Main regular party meetings (COP, MOP, etc);
MARPOL, COP02;International Convention for the Prevention of Pollution from Ships;Oceano;1997-09;;Main regular party meetings (COP, MOP, etc);
Minamata, CONF;Minamata Convention on Mercury;Lixo tóxico e químicos;2013-10;Kumamoto, Japan;Conference of plenipotentiaries;Lista não obtida
Minamata, CONF-PM;Minamata Convention on Mercury;Lixo tóxico e químicos;2013-10;Kumamoto, Japan;Prep/Negotiation committees (pre-treaty);Lista não obtida
Minamata, COP01;Minamata Convention on Mercury;Lixo tóxico e químicos;2017-09;Geneva, Switzerland;Main regular party meetings (COP, MOP, etc);Lista obtida
Minamata, COP02;Minamata Convention on Mercury;Lixo tóxico e químicos;2018-11;Geneva, Switzerland;Main regular party meetings (COP, MOP, etc);Lista obtida
Minamata, INC01;Minamata Convention on Mercury;Lixo tóxico e químicos;2010-06;Stockholm, Sweden;Prep/Negotiation committees (pre-treaty);Lista não obtida
Minamata, INC02;Minamata Convention on Mercury;Lixo tóxico e químicos;2011-01;Chiba, Japan;Prep/Negotiation committees (pre-treaty);Lista obtida
Minamata, INC03;Minamata Convention on Mercury;Lixo tóxico e químicos;2011-11;Nairobi, Kenya;Prep/Negotiation committees (pre-treaty);Lista obtida
Minamata, INC04;Minamata Convention on Mercury;Lixo tóxico e químicos;2012-07;Punta del Este, Uruguay;Prep/Negotiation committees (pre-treaty);Lista obtida
Minamata, INC05;Minamata Convention on Mercury;Lixo tóxico e químicos;2013-01;Geneva, Switzerland;Prep/Negotiation committees (pre-treaty);Lista obtida
Minamata, INC06;Minamata Convention on Mercury;Lixo tóxico e químicos;2014-11;Bangkok, Thailand;Prep/Negotiation committees (pre-treaty);Lista obtida
Minamata, INC07;Minamata Convention on Mercury;Lixo tóxico e químicos;2016-03;Dead Sea, Jordan;Prep/Negotiation committees (pre-treaty);Lista obtida
MP, Conf;Montreal Protocol on Substances that Deplete the Ozone Layer;Ozônio;1987-09;Montreal, Canada;Conference of plenipotentiaries;Lista não obtida
MP, EXMOP01;Montreal Protocol on Substances that Deplete the Ozone Layer;Ozônio;2004-03;Montreal, Canada;Main regular party meetings (COP, MOP, etc);Lista obtida
MP, EXMOP02;Montreal Protocol on Substances that Deplete the Ozone Layer;Ozônio;2005-07;Montreal, Canada;Main regular party meetings (COP, MOP, etc);Lista obtida
MP, EXMOP03;Montreal Protocol on Substances that Deplete the Ozone Layer;Ozônio;2016-07;Vienna, Austria;Main regular party meetings (COP, MOP, etc);Lista obtida
MP, MOP01;Montreal Protocol on Substances that Deplete the Ozone Layer;Ozônio;1989-05;Helsinki, Finland;Main regular party meetings (COP, MOP, etc);Lista não obtida
MP, MOP02;Montreal Protocol on Substances that Deplete the Ozone Layer;Ozônio;1990-06;London, United Kingdom;Main regular party meetings (COP, MOP, etc);Lista obtida
MP, MOP03;Montreal Protocol on Substances that Deplete the Ozone Layer;Ozônio;1991-06;Nairobi, Kenya;Main regular party meetings (COP, MOP, etc);Lista obtida
MP, MOP04;Montreal Protocol on Substances that Deplete the Ozone Layer;Ozônio;1992-11;Copenhagen, Denmark;Main regular party meetings (COP, MOP, etc);Lista obtida
MP, MOP05;Montreal Protocol on Substances that Deplete the Ozone Layer;Ozônio;1993-11;Bangkok, Thailand;Main regular party meetings (COP, MOP, etc);Lista obtida
MP, MOP06;Montreal Protocol on Substances that Deplete the Ozone Layer;Ozônio;1994-10;Nairobi, Kenya;Main regular party meetings (COP, MOP, etc);Lista obtida
MP, MOP07;Montreal Protocol on Substances that Deplete the Ozone Layer;Ozônio;1995-12;Vienna, Austria;Main regular party meetings (COP, MOP, etc);Lista obtida
MP, MOP08;Montreal Protocol on Substances that Deplete the Ozone Layer;Ozônio;1996-11;San José, Costa Rica;Main regular party meetings (COP, MOP, etc);Lista obtida
MP, MOP09;Montreal Protocol on Substances that Deplete the Ozone Layer;Ozônio;1997-09;Montreal, Canada;Main regular party meetings (COP, MOP, etc);Lista obtida
MP, MOP10;Montreal Protocol on Substances that Deplete the Ozone Layer;Ozônio;1998-11;Cairo, Egypt;Main regular party meetings (COP, MOP, etc);Lista obtida
MP, MOP11;Montreal Protocol on Substances that Deplete the Ozone Layer;Ozônio;1999-11;Beijing, China;Main regular party meetings (COP, MOP, etc);Lista obtida
MP, MOP12;Montreal Protocol on Substances that Deplete the Ozone Layer;Ozônio;2000-12;Ouagadougou, Burkina Faso;Main regular party meetings (COP, MOP, etc);Lista obtida
MP, MOP13;Montreal Protocol on Substances that Deplete the Ozone Layer;Ozônio;2001-10;Colombo, Sri Lanka;Main regular party meetings (COP, MOP, etc);Lista obtida
MP, MOP14;Montreal Protocol on Substances that Deplete the Ozone Layer;Ozônio;2002-11;Rome, Italy;Main regular party meetings (COP, MOP, etc);Lista obtida
MP, MOP15;Montreal Protocol on Substances that Deplete the Ozone Layer;Ozônio;2003-11;Nairobi, Kenya;Main regular party meetings (COP, MOP, etc);Lista obtida
MP, MOP16;Montreal Protocol on Substances that Deplete the Ozone Layer;Ozônio;2004-11;Prague, Czechia;Main regular party meetings (COP, MOP, etc);Lista obtida
MP, MOP17;Montreal Protocol on Substances that Deplete the Ozone Layer;Ozônio;2005-12;Dakar, Senegal;Main regular party meetings (COP, MOP, etc);Lista obtida
MP, MOP18;Montreal Protocol on Substances that Deplete the Ozone Layer;Ozônio;2006-10;New Delhi, India;Main regular party meetings (COP, MOP, etc);Lista obtida
MP, MOP19;Montreal Protocol on Substances that Deplete the Ozone Layer;Ozônio;2007-09;Montreal, Canada;Main regular party meetings (COP, MOP, etc);Lista obtida
MP, MOP20;Montreal Protocol on Substances that Deplete the Ozone Layer;Ozônio;2008-11;Doha, Qatar;Main regular party meetings (COP, MOP, etc);Lista obtida
MP, MOP21;Montreal Protocol on Substances that Deplete the Ozone Layer;Ozônio;2009-11;Port Ghalib, Egypt;Main regular party meetings (COP, MOP, etc);Lista obtida
MP, MOP22;Montreal Protocol on Substances that Deplete the Ozone Layer;Ozônio;2010-11;Bangkok, Thailand;Main regular party meetings (COP, MOP, etc);Lista obtida
MP, MOP23;Montreal Protocol on Substances that Deplete the Ozone Layer;Ozônio;2011-11;Bali, Indonesia;Main regular party meetings (COP, MOP, etc);Lista obtida
MP, MOP24;Montreal Protocol on Substances that Deplete the Ozone Layer;Ozônio;2012-11;Geneva, Switzerland;Main regular party meetings (COP, MOP, etc);Lista obtida
MP, MOP25;Montreal Protocol on Substances that Deplete the Ozone Layer;Ozônio;2013-10;Bangkok, Thailand;Main regular party meetings (COP, MOP, etc);Lista obtida
MP, MOP26;Montreal Protocol on Substances that Deplete the Ozone Layer;Ozônio;2014-11;Paris, France;Main regular party meetings (COP, MOP, etc);Lista obtida
MP, MOP27;Montreal Protocol on Substances that Deplete the Ozone Layer;Ozônio;2015-11;Dubai, United Arab Emirates;Main regular party meetings (COP, MOP, etc);Lista obtida
MP, MOP28;Montreal Protocol on Substances that Deplete the Ozone Layer;Ozônio;2016-10;Kigali, Rwanda;Main regular party meetings (COP, MOP, etc);Lista obtida
MP, MOP29;Montreal Protocol on Substances that Deplete the Ozone Layer;Ozônio;2017-11;Montreal, Canada;Main regular party meetings (COP, MOP, etc);Lista obtida
MP, MOP30;Montreal Protocol on Substances that Deplete the Ozone Layer;Ozônio;2018-11;Quito, Ecuador;Main regular party meetings (COP, MOP, etc);Lista obtida
OILPOL, CONF71;International Convention for the Prevention of Pollution of the Sea by Oil;Oceano;1971-10;;;Lista não obtida
OPRC, CONF;International Convention on Oil Pollution Preparedness, Response and Co-operation, 1990;Oceano;1990-11;;Conference of plenipotentiaries;
POPS, CONF;Stockholm Convention on Persistent Organic Pollutants;Lixo tóxico e químicos;2001-05;Stockholm, Sweden;Conference of plenipotentiaries;Lista obtida
POPS, COP01;Stockholm Convention on Persistent Organic Pollutants;Lixo tóxico e químicos;2005-05;Punta del Este, Uruguay;Main regular party meetings (COP, MOP, etc);Lista obtida
POPS, COP02;Stockholm Convention on Persistent Organic Pollutants;Lixo tóxico e químicos;2006-05;Geneva, Switzerland;Main regular party meetings (COP, MOP, etc);Lista obtida
POPS, COP03;Stockholm Convention on Persistent Organic Pollutants;Lixo tóxico e químicos;2007-05;Dakar, Senegal;Main regular party meetings (COP, MOP, etc);Lista obtida
POPS, COP04;Stockholm Convention on Persistent Organic Pollutants;Lixo tóxico e químicos;2009-05;Geneva, Switzerland;Main regular party meetings (COP, MOP, etc);Lista obtida
POPS, COP05;Stockholm Convention on Persistent Organic Pollutants;Lixo tóxico e químicos;2011-04;Geneva, Switzerland;Main regular party meetings (COP, MOP, etc);Lista obtida
POPS, INC01;Stockholm Convention on Persistent Organic Pollutants;Lixo tóxico e químicos;1998-06;Montreal, Canada;Prep/Negotiation committees (pre-treaty);Lista obtida
POPS, INC02;Stockholm Convention on Persistent Organic Pollutants;Lixo tóxico e químicos;1999-01;Nairobi, Kenya;Prep/Negotiation committees (pre-treaty);Lista não obtida
POPS, INC03;Stockholm Convention on Persistent Organic Pollutants;Lixo tóxico e químicos;1999-09;Geneva, Switzerland;Prep/Negotiation committees (pre-treaty);Lista obtida
POPS, INC04;Stockholm Convention on Persistent Organic Pollutants;Lixo tóxico e químicos;2000-03;Bonn, Germany;Prep/Negotiation committees (pre-treaty);Lista obtida
POPS, INC05;Stockholm Convention on Persistent Organic Pollutants;Lixo tóxico e químicos;2000-12;Johannesburg, South Africa;Prep/Negotiation committees (pre-treaty);Lista obtida
POPS, INC06;Stockholm Convention on Persistent Organic Pollutants;Lixo tóxico e químicos;2002-06;Geneva, Switzerland;Prep/Negotiation committees (pre-treaty);Lista obtida
POPS, INC07;Stockholm Convention on Persistent Organic Pollutants;Lixo tóxico e químicos;2003-07;Geneva, Switzerland;Prep/Negotiation committees (pre-treaty);Lista obtida
Ramsar, COP01;Ramsar Convention on Wetlands;Biodiversidade - Espécies;1980;Cagliari, Italy;Main regular party meetings (COP, MOP, etc);Lista não obtida
Ramsar, COP02;Ramsar Convention on Wetlands;Biodiversidade - Espécies;1984;Groningen, Netherlands;Main regular party meetings (COP, MOP, etc);Lista não obtida
Ramsar, COP03;Ramsar Convention on Wetlands;Biodiversidade - Espécies;1987;Regina, Canada;Main regular party meetings (COP, MOP, etc);Lista não obtida
Ramsar, COP04;Ramsar Convention on Wetlands;Biodiversidade - Espécies;1990;Montreux, Switzerland;Main regular party meetings (COP, MOP, etc);Lista não obtida
Ramsar, COP05;Ramsar Convention on Wetlands;Biodiversidade - Espécies;1993;Kushiro, Japan;Main regular party meetings (COP, MOP, etc);Lista não obtida
Ramsar, COP06;Ramsar Convention on Wetlands;Biodiversidade - Espécies;1996;Brisbane, Australia;Main regular party meetings (COP, MOP, etc);Lista não obtida
Ramsar, COP07;Ramsar Convention on Wetlands;Biodiversidade - Espécies;1999;San José, Costa Rica;Main regular party meetings (COP, MOP, etc);Lista não obtida
Ramsar, COP08;Ramsar Convention on Wetlands;Biodiversidade - Espécies;2002;Valencia, Spain;Main regular party meetings (COP, MOP, etc);Lista não obtida
Ramsar, COP09;Ramsar Convention on Wetlands;Biodiversidade - Espécies;2005;Kampala, Uganda;Main regular party meetings (COP, MOP, etc);Lista não obtida
Ramsar, COP10;Ramsar Convention on Wetlands;Biodiversidade - Espécies;2008;Changwon, South Korea;Main regular party meetings (COP, MOP, etc);Lista não obtida
Ramsar, COP11;Ramsar Convention on Wetlands;Biodiversidade - Espécies;2012;Bucharest, Romania;Main regular party meetings (COP, MOP, etc);Lista não obtida
Ramsar, COP12;Ramsar Convention on Wetlands;Biodiversidade - Espécies;2015;Punta del Este, Uruguay;Main regular party meetings (COP, MOP, etc);Lista não obtida
Ramsar, COP13;Ramsar Convention on Wetlands;Biodiversidade - Espécies;2018;Dubai, United Arab Emirates;Main regular party meetings (COP, MOP, etc);Lista não obtida
Ramsar, EXCOP01;Ramsar Convention on Wetlands;Biodiversidade - Espécies;1982;Paris, France;Main regular party meetings (COP, MOP, etc);Lista não obtida
Ramsar, EXCOP02;Ramsar Convention on Wetlands;Biodiversidade - Espécies;1987;Regina, Canada;Main regular party meetings (COP, MOP, etc);Lista não obtida
RC, CONF;Rotterdam Convention on the Prior Informed Consent Procedure for Certain Hazardous Chemicals and Pesticides in International Trade;Lixo tóxico e químicos;1998-09;Rotterdam, Netherlands;Conference of plenipotentiaries;Lista não obtida
RC, COP01;Rotterdam Convention on the Prior Informed Consent Procedure for Certain Hazardous Chemicals and Pesticides in International Trade;Lixo tóxico e químicos;2004-09;Geneva, Switzerland;Main regular party meetings (COP, MOP, etc);Lista não obtida
RC, COP02;Rotterdam Convention on the Prior Informed Consent Procedure for Certain Hazardous Chemicals and Pesticides in International Trade;Lixo tóxico e químicos;2005-09;Rome, Italy;Main regular party meetings (COP, MOP, etc);Lista não obtida
RC, COP03;Rotterdam Convention on the Prior Informed Consent Procedure for Certain Hazardous Chemicals and Pesticides in International Trade;Lixo tóxico e químicos;2006-10;Geneva, Switzerland;Main regular party meetings (COP, MOP, etc);Lista não obtida
RC, COP04;Rotterdam Convention on the Prior Informed Consent Procedure for Certain Hazardous Chemicals and Pesticides in International Trade;Lixo tóxico e químicos;2008-10;Rome, Italy;Main regular party meetings (COP, MOP, etc);Lista obtida
RC, COP05;Rotterdam Convention on the Prior Informed Consent Procedure for Certain Hazardous Chemicals and Pesticides in International Trade;Lixo tóxico e químicos;2011-06;Geneva, Switzerland;Main regular party meetings (COP, MOP, etc);Lista obtida
RC, INC 01;Rotterdam Convention on the Prior Informed Consent Procedure for Certain Hazardous Chemicals and Pesticides in International Trade;Lixo tóxico e químicos;1996-03;Brussels, Belgium;Prep/Negotiation committees (pre-treaty);Lista não obtida
RC, INC 02;Rotterdam Convention on the Prior Informed Consent Procedure for Certain Hazardous Chemicals and Pesticides in International Trade;Lixo tóxico e químicos;1996-09;Nairobi, Kenya;Prep/Negotiation committees (pre-treaty);Lista não obtida
RC, INC 03;Rotterdam Convention on the Prior Informed Consent Procedure for Certain Hazardous Chemicals and Pesticides in International Trade;Lixo tóxico e químicos;1997-05;Geneva, Switzerland;Prep/Negotiation committees (pre-treaty);Lista não obtida
RC, INC 04;Rotterdam Convention on the Prior Informed Consent Procedure for Certain Hazardous Chemicals and Pesticides in International Trade;Lixo tóxico e químicos;1997-10;Rome, Italy;Prep/Negotiation committees (pre-treaty);Lista não obtida
RC, INC 05;Rotterdam Convention on the Prior Informed Consent Procedure for Certain Hazardous Chemicals and Pesticides in International Trade;Lixo tóxico e químicos;1998-03;Brussels, Belgium;Prep/Negotiation committees (pre-treaty);Lista não obtida
RC, INC 06;Rotterdam Convention on the Prior Informed Consent Procedure for Certain Hazardous Chemicals and Pesticides in International Trade;Lixo tóxico e químicos;1999-07;Rome, Italy;Prep/Negotiation committees (pre-treaty);Lista não obtida
RC, INC 07;Rotterdam Convention on the Prior Informed Consent Procedure for Certain Hazardous Chemicals and Pesticides in International Trade;Lixo tóxico e químicos;2000-11;Geneva, Switzerland;Prep/Negotiation committees (pre-treaty);Lista não obtida
RC, INC 08;Rotterdam Convention on the Prior Informed Consent Procedure for Certain Hazardous Chemicals and Pesticides in International Trade;Lixo tóxico e químicos;2001-10;Rome, Italy;Prep/Negotiation committees (pre-treaty);Lista não obtida
RC, INC 09;Rotterdam Convention on the Prior Informed Consent Procedure for Certain Hazardous Chemicals and Pesticides in International Trade;Lixo tóxico e químicos;2002-10;Bonn, Germany;Prep/Negotiation committees (pre-treaty);Lista não obtida
RC, INC 10;Rotterdam Convention on the Prior Informed Consent Procedure for Certain Hazardous Chemicals and Pesticides in International Trade;Lixo tóxico e químicos;2003-11;Geneva, Switzerland;Prep/Negotiation committees (pre-treaty);Lista não obtida
RC, INC 11;Rotterdam Convention on the Prior Informed Consent Procedure for Certain Hazardous Chemicals and Pesticides in International Trade;Lixo tóxico e químicos;2004-09;Geneva, Switzerland;Prep/Negotiation committees (pre-treaty);Lista não obtida
SRC, CONF;International Convention for the Safe and Environmentally Sound Recycling of Ships;Oceano;2009-05;;Conference of plenipotentiaries;Lista obtida
TSPP, CONF;International Conference on Tanker Safety and Pollution Prevention;Oceano;1978-02;London, United Kingdom;Conference of plenipotentiaries;
UN Ocean Conference 2017;UN Ocean Conference;Oceano;2017-06;New York, United States of America;Conference of plenipotentiaries;
UN Ocean Conference 2017, Prep Meeting;UN Ocean Conference;Oceano;2017-02;New York, United States of America;Prep/Negotiation committees (pre-treaty);
UNCED, Conf;UNCED;Grandes conferências ONU;1992-06;Rio de Janeiro, Brazil;Conference of plenipotentiaries;Lista obtida
UNCED, Prep Committee, 1;UNCED;Grandes conferências ONU;1990-08;Nairobi, Kenya;Prep/Negotiation committees (pre-treaty);Lista obtida
UNCED, Prep Committee, 2;UNCED;Grandes conferências ONU;1991-04;Geneva, Switzerland;Prep/Negotiation committees (pre-treaty);Lista obtida
UNCED, Prep Committee, 3;UNCED;Grandes conferências ONU;1991-09;Geneva, Switzerland;Prep/Negotiation committees (pre-treaty);Lista obtida
UNCED, Prep Committee, 4;UNCED;Grandes conferências ONU;1992-04;New York, United States of America;Prep/Negotiation committees (pre-treaty);Lista obtida
UNCHE, Conf;UNCHE;Grandes conferências ONU;1972-06;Stockholm, Sweden;Conference of plenipotentiaries;Lista obtida
UNCHE, PrepCom 1;UNCHE;Grandes conferências ONU;1970-03;New York, United States of America;Prep/Negotiation committees (pre-treaty);Lista obtida
UNCHE, PrepCom 2;UNCHE;Grandes conferências ONU;1971-02;Geneva, Switzerland;Prep/Negotiation committees (pre-treaty);Lista não obtida
UNCHE, PrepCom 3;UNCHE;Grandes conferências ONU;1971-09;New York, United States of America;Prep/Negotiation committees (pre-treaty);Lista não obtida
UNCHE, PrepCom 4;UNCHE;Grandes conferências ONU;1972-03;New York, United States of America;Prep/Negotiation committees (pre-treaty);Lista não obtida
UNCSD, Conf;UNCSD;Grandes conferências ONU;2012-06;Rio de Janeiro, Brazil;Conference of plenipotentiaries;Lista obtida
UNCSD, Prep Committee, 1;UNCSD;Grandes conferências ONU;2010-05;New York, United States of America;Prep/Negotiation committees (pre-treaty);Lista obtida
UNCSD, Prep Committee, 2;UNCSD;Grandes conferências ONU;2011-03;New York, United States of America;Prep/Negotiation committees (pre-treaty);Lista obtida
UNEA, 1;UN Environment Assembly;Governança ambiental;2014-06;Nairobi, Kenya;Main regular party meetings (COP, MOP, etc);Lista não obtida
UNEA, 2;UN Environment Assembly;Governança ambiental;2016-05;Nairobi, Kenya;Main regular party meetings (COP, MOP, etc);Lista não obtida
UNEA, 3;UN Environment Assembly;Governança ambiental;2017-12;Nairobi, Kenya;Main regular party meetings (COP, MOP, etc);Lista obtida
UNEP GC 01;UNEP Governing Council;Governança ambiental;1973-03;Nairobi, Kenya;Main regular party meetings (COP, MOP, etc);Lista não obtida
UNEP GC 02;UNEP Governing Council;Governança ambiental;1974-03;Nairobi, Kenya;Main regular party meetings (COP, MOP, etc);Lista obtida
UNEP GC 03;UNEP Governing Council;Governança ambiental;1975-05;Nairobi, Kenya;Main regular party meetings (COP, MOP, etc);Lista obtida
UNEP GC 04;UNEP Governing Council;Governança ambiental;1976-04;Nairobi, Kenya;Main regular party meetings (COP, MOP, etc);Lista não obtida
UNEP GC 05;UNEP Governing Council;Governança ambiental;1977-05;Nairobi, Kenya;Main regular party meetings (COP, MOP, etc);Lista não obtida
UNEP GC 06;UNEP Governing Council;Governança ambiental;1978-05;Nairobi, Kenya;Main regular party meetings (COP, MOP, etc);Lista não obtida
UNEP GC 07;UNEP Governing Council;Governança ambiental;1979-05;Nairobi, Kenya;Main regular party meetings (COP, MOP, etc);Lista obtida
UNEP GC 08;UNEP Governing Council;Governança ambiental;1980-04;Nairobi, Kenya;Main regular party meetings (COP, MOP, etc);Lista obtida
UNEP GC 09;UNEP Governing Council;Governança ambiental;1981-05;Nairobi, Kenya;Main regular party meetings (COP, MOP, etc);Lista não obtida
UNEP GC 10;UNEP Governing Council;Governança ambiental;1982-05;Nairobi, Kenya;Main regular party meetings (COP, MOP, etc);Lista não obtida
UNEP GC 11;UNEP Governing Council;Governança ambiental;1983-05;Nairobi, Kenya;Main regular party meetings (COP, MOP, etc);Lista não obtida
UNEP GC 12;UNEP Governing Council;Governança ambiental;1984-05;Nairobi, Kenya;Main regular party meetings (COP, MOP, etc);Lista não obtida
UNEP GC 13;UNEP Governing Council;Governança ambiental;1985-05;Nairobi, Kenya;Main regular party meetings (COP, MOP, etc);Lista não obtida
UNEP GC 14;UNEP Governing Council;Governança ambiental;1987-06;Nairobi, Kenya;Main regular party meetings (COP, MOP, etc);Lista não obtida
UNEP GC 15;UNEP Governing Council;Governança ambiental;1989-05;Nairobi, Kenya;Main regular party meetings (COP, MOP, etc);Lista não obtida
UNEP GC 16;UNEP Governing Council;Governança ambiental;1991-05;Nairobi, Kenya;Main regular party meetings (COP, MOP, etc);Lista não obtida
UNEP GC 17;UNEP Governing Council;Governança ambiental;1993-05;Nairobi, Kenya;Main regular party meetings (COP, MOP, etc);Lista não obtida
UNEP GC 18;UNEP Governing Council;Governança ambiental;1995-05;Nairobi, Kenya;Main regular party meetings (COP, MOP, etc);Lista não obtida
UNEP GC 19;UNEP Governing Council;Governança ambiental;1997-02;Nairobi, Kenya;Main regular party meetings (COP, MOP, etc);Lista não obtida
UNEP GC 20;UNEP Governing Council;Governança ambiental;1999-02;Nairobi, Kenya;Main regular party meetings (COP, MOP, etc);Lista não obtida
UNEP GC 21  / GMEF;Global Ministerial Environmental Forum / UNEP Governing Council;Governança ambiental;2001-02;Nairobi, Kenya;Main regular party meetings (COP, MOP, etc);Lista não obtida
UNEP GC 22 / GMEF;Global Ministerial Environmental Forum / UNEP Governing Council;Governança ambiental;2003-02;Nairobi, Kenya;Main regular party meetings (COP, MOP, etc);Lista não obtida
UNEP GC 23 / GMEF;Global Ministerial Environmental Forum / UNEP Governing Council;Governança ambiental;2005-02;Nairobi, Kenya;Main regular party meetings (COP, MOP, etc);Lista não obtida
UNEP GC 24 / GMEF;Global Ministerial Environmental Forum / UNEP Governing Council;Governança ambiental;2007-02;Nairobi, Kenya;Main regular party meetings (COP, MOP, etc);Lista não obtida
UNEP GC 25 / GMEF;Global Ministerial Environmental Forum / UNEP Governing Council;Governança ambiental;2009-02;Nairobi, Kenya;Main regular party meetings (COP, MOP, etc);Lista não obtida
UNEP GC 26 / GMEF;Global Ministerial Environmental Forum / UNEP Governing Council;Governança ambiental;2011-02;Nairobi, Kenya;Main regular party meetings (COP, MOP, etc);Lista não obtida
UNEP GCSS, 01;UNEP Governing Council;Governança ambiental;1988-03;Nairobi, Kenya;Main regular party meetings (COP, MOP, etc);Lista obtida
UNEP GCSS, 02;UNEP Governing Council;Governança ambiental;1990-08;Nairobi, Kenya;Main regular party meetings (COP, MOP, etc);Lista não obtida
UNEP GCSS, 03;UNEP Governing Council;Governança ambiental;1992-02;Nairobi, Kenya;Main regular party meetings (COP, MOP, etc);Lista não obtida
UNEP GCSS, 04;UNEP Governing Council;Governança ambiental;1994-06;Nairobi, Kenya;Main regular party meetings (COP, MOP, etc);Lista não obtida
UNEP GCSS, 05;UNEP Governing Council;Governança ambiental;1998-05;Nairobi, Kenya;Main regular party meetings (COP, MOP, etc);Lista não obtida
UNEP GCSS, 06;UNEP Governing Council;Governança ambiental;2000-05;Malmö, Sweden;Main regular party meetings (COP, MOP, etc);Lista não obtida
UNEP GCSS, 07;Global Ministerial Environmental Forum / UNEP Governing Council;Governança ambiental;2002-02;Cartagena, Colombia;Main regular party meetings (COP, MOP, etc);Lista não obtida
UNEP GCSS, 08;Global Ministerial Environmental Forum / UNEP Governing Council;Governança ambiental;2004-03;Jeju, South Korea;Main regular party meetings (COP, MOP, etc);Lista não obtida
UNEP GCSS, 09;Global Ministerial Environmental Forum / UNEP Governing Council;Governança ambiental;2006-02;Dubai, United Arab Emirates;Main regular party meetings (COP, MOP, etc);Lista não obtida
UNEP GCSS, 10;Global Ministerial Environmental Forum / UNEP Governing Council;Governança ambiental;2008-02;Monaco;Main regular party meetings (COP, MOP, etc);Lista não obtida
UNEP GCSS, 11;Global Ministerial Environmental Forum / UNEP Governing Council;Governança ambiental;2010-02;Bali, Indonesia;Main regular party meetings (COP, MOP, etc);Lista não obtida
UNEP GCSS, 12;Global Ministerial Environmental Forum / UNEP Governing Council;Governança ambiental;2012-02;Nairobi, Kenya;Main regular party meetings (COP, MOP, etc);Lista não obtida
UNEP Universal GC, 1 / GMEF;Global Ministerial Environmental Forum / UNEP Governing Council;Governança ambiental;2013-02;Nairobi, Kenya;Main regular party meetings (COP, MOP, etc);Lista não obtida
UNESCO IOC, A07;UNESCO IOC;Oceano;1971-11;Paris, France;Main regular party meetings (COP, MOP, etc);Lista não obtida
UNESCO IOC, A08;UNESCO IOC;Oceano;1973-11;Paris, France;Main regular party meetings (COP, MOP, etc);Lista obtida
UNESCO IOC, A09;UNESCO IOC;Oceano;1975-11;Paris, France;Main regular party meetings (COP, MOP, etc);Lista obtida
UNESCO IOC, A10;UNESCO IOC;Oceano;1977-11;Paris, France;Main regular party meetings (COP, MOP, etc);Lista obtida
UNESCO IOC, A11;UNESCO IOC;Oceano;1979-11;Paris, France;Main regular party meetings (COP, MOP, etc);Lista obtida
UNESCO IOC, A12;UNESCO IOC;Oceano;1982-11;Paris, France;Main regular party meetings (COP, MOP, etc);Lista obtida
UNESCO IOC, A13;UNESCO IOC;Oceano;1985-03;Paris, France;Main regular party meetings (COP, MOP, etc);Lista obtida
UNESCO IOC, A14;UNESCO IOC;Oceano;1987-04;Paris, France;Main regular party meetings (COP, MOP, etc);Lista obtida
UNESCO IOC, A15;UNESCO IOC;Oceano;1989-07;Paris, France;Main regular party meetings (COP, MOP, etc);Lista obtida
UNESCO IOC, A16;UNESCO IOC;Oceano;1991-03;Paris, France;Main regular party meetings (COP, MOP, etc);Lista obtida
UNESCO IOC, A17;UNESCO IOC;Oceano;1993-03;Paris, France;Main regular party meetings (COP, MOP, etc);Lista obtida
UNESCO IOC, A18;UNESCO IOC;Oceano;1995-06;Paris, France;Main regular party meetings (COP, MOP, etc);Lista obtida
UNESCO IOC, A19;UNESCO IOC;Oceano;1997-07;Paris, France;Main regular party meetings (COP, MOP, etc);Lista não obtida
UNESCO IOC, A20;UNESCO IOC;Oceano;1999-07;Paris, France;Main regular party meetings (COP, MOP, etc);Lista obtida
UNESCO IOC, A21;UNESCO IOC;Oceano;2001-07;Paris, France;Main regular party meetings (COP, MOP, etc);Lista obtida
UNESCO IOC, A22;UNESCO IOC;Oceano;2003-07;Paris, France;Main regular party meetings (COP, MOP, etc);Lista obtida
UNESCO IOC, A23;UNESCO IOC;Oceano;2005-06;Paris, France;Main regular party meetings (COP, MOP, etc);Lista obtida
UNESCO IOC, A24;UNESCO IOC;Oceano;2007-06;Paris, France;Main regular party meetings (COP, MOP, etc);Lista obtida
UNESCO IOC, A25;UNESCO IOC;Oceano;2009-06;Paris, France;Main regular party meetings (COP, MOP, etc);Lista obtida
UNESCO IOC, A26;UNESCO IOC;Oceano;2011-06;Paris, France;Main regular party meetings (COP, MOP, etc);Lista obtida
UNESCO IOC, A27;UNESCO IOC;Oceano;2013-07;Paris, France;Main regular party meetings (COP, MOP, etc);Lista obtida
UNESCO IOC, A28;UNESCO IOC;Oceano;2015-06;Paris, France;Main regular party meetings (COP, MOP, etc);Lista obtida
UNESCO IOC, A29;UNESCO IOC;Oceano;2017-06;Paris, France;Main regular party meetings (COP, MOP, etc);Lista obtida
UNESCO IOC, EA1;UNESCO IOC;Oceano;1971-11;Paris, France;Main regular party meetings (COP, MOP, etc);Lista não obtida
UNESCO WC, EXGA01;UNESCO World Heritage Convention;Biodiversidade - UNESCO;2014-11;Paris, France;Main regular party meetings (COP, MOP, etc);Lista não obtida
UNESCO WC, GA01;UNESCO World Heritage Convention;Biodiversidade - UNESCO;1976-11;Nairobi, Kenya;Main regular party meetings (COP, MOP, etc);Lista obtida
UNESCO WC, GA02;UNESCO World Heritage Convention;Biodiversidade - UNESCO;1978-11;Paris, France;Main regular party meetings (COP, MOP, etc);Lista obtida
UNESCO WC, GA03;UNESCO World Heritage Convention;Biodiversidade - UNESCO;1980-10;Belgrade, Serbia;Main regular party meetings (COP, MOP, etc);Lista obtida
UNESCO WC, GA04;UNESCO World Heritage Convention;Biodiversidade - UNESCO;1983-10;Paris, France;Main regular party meetings (COP, MOP, etc);Lista obtida
UNESCO WC, GA05;UNESCO World Heritage Convention;Biodiversidade - UNESCO;1985-11;Sofia, Bulgaria;Main regular party meetings (COP, MOP, etc);Lista obtida
UNESCO WC, GA06;UNESCO World Heritage Convention;Biodiversidade - UNESCO;1987-10;Paris, France;Main regular party meetings (COP, MOP, etc);Lista obtida
UNESCO WC, GA07;UNESCO World Heritage Convention;Biodiversidade - UNESCO;1989-11;Paris, France;Main regular party meetings (COP, MOP, etc);Lista obtida
UNESCO WC, GA08;UNESCO World Heritage Convention;Biodiversidade - UNESCO;1991-11;Paris, France;Main regular party meetings (COP, MOP, etc);Lista obtida
UNESCO WC, GA09;UNESCO World Heritage Convention;Biodiversidade - UNESCO;1993-10;Paris, France;Main regular party meetings (COP, MOP, etc);Lista não obtida
UNESCO WC, GA10;UNESCO World Heritage Convention;Biodiversidade - UNESCO;1995-11;Paris, France;Main regular party meetings (COP, MOP, etc);Lista não obtida
UNESCO WC, GA11;UNESCO World Heritage Convention;Biodiversidade - UNESCO;1997-10;Paris, France;Main regular party meetings (COP, MOP, etc);Lista não obtida
UNESCO WC, GA12;UNESCO World Heritage Convention;Biodiversidade - UNESCO;1999-10;Paris, France;Main regular party meetings (COP, MOP, etc);Lista não obtida
UNESCO WC, GA13;UNESCO World Heritage Convention;Biodiversidade - UNESCO;2001-11;Paris, France;Main regular party meetings (COP, MOP, etc);Lista não obtida
UNESCO WC, GA14;UNESCO World Heritage Convention;Biodiversidade - UNESCO;2003-10;Paris, France;Main regular party meetings (COP, MOP, etc);Lista não obtida
UNESCO WC, GA15;UNESCO World Heritage Convention;Biodiversidade - UNESCO;2005-10;Paris, France;Main regular party meetings (COP, MOP, etc);Lista não obtida
UNESCO WC, GA16;UNESCO World Heritage Convention;Biodiversidade - UNESCO;2007-10;Paris, France;Main regular party meetings (COP, MOP, etc);Lista não obtida
UNESCO WC, GA17;UNESCO World Heritage Convention;Biodiversidade - UNESCO;2009-10;Paris, France;Main regular party meetings (COP, MOP, etc);Lista não obtida
UNESCO WC, GA18;UNESCO World Heritage Convention;Biodiversidade - UNESCO;2011-11;Paris, France;Main regular party meetings (COP, MOP, etc);Lista não obtida
UNESCO WC, GA19;UNESCO World Heritage Convention;Biodiversidade - UNESCO;2013-11;Paris, France;Main regular party meetings (COP, MOP, etc);Lista não obtida
UNESCO WC, GA20;UNESCO World Heritage Convention;Biodiversidade - UNESCO;2015-11;Paris, France;Main regular party meetings (COP, MOP, etc);Lista obtida
UNESCO WC, GA21;UNESCO World Heritage Convention;Biodiversidade - UNESCO;2017-11;Paris, France;Main regular party meetings (COP, MOP, etc);Lista obtida
UNFCCC, COP01;UNFCCC;Clima;1995-04;Berlin, Germany;Main regular party meetings (COP, MOP, etc);Lista obtida
UNFCCC, COP02;UNFCCC;Clima;1996-07;Geneva, Switzerland;Main regular party meetings (COP, MOP, etc);Lista obtida
UNFCCC, COP03;UNFCCC;Clima;1997-12;Kyoto, Japan;Main regular party meetings (COP, MOP, etc);Lista obtida
UNFCCC, COP04;UNFCCC;Clima;1998-11;Buenos Aires, Argentina;Main regular party meetings (COP, MOP, etc);Lista obtida
UNFCCC, COP05;UNFCCC;Clima;1999-11;Bonn, Germany;Main regular party meetings (COP, MOP, etc);Lista obtida
UNFCCC, COP06;UNFCCC;Clima;2000-11;The Hague, Netherlands;Main regular party meetings (COP, MOP, etc);Lista obtida
UNFCCC, COP06-2;UNFCCC;Clima;2001-07;Bonn, Germany;Main regular party meetings (COP, MOP, etc);Lista obtida
UNFCCC, COP07;UNFCCC;Clima;2001-11;Marrakesh, Morocco;Main regular party meetings (COP, MOP, etc);Lista obtida
UNFCCC, COP08;UNFCCC;Clima;2002-11;New Delhi, India;Main regular party meetings (COP, MOP, etc);Lista obtida
UNFCCC, COP09;UNFCCC;Clima;2003-12;Milan, Italy;Main regular party meetings (COP, MOP, etc);Lista obtida
UNFCCC, COP10;UNFCCC;Clima;2004-12;Buenos Aires, Argentina;Main regular party meetings (COP, MOP, etc);Lista obtida
UNFCCC, COP11;UNFCCC;Clima;2005-12;Montreal, Canada;Main regular party meetings (COP, MOP, etc);Lista obtida
UNFCCC, COP12;UNFCCC;Clima;2006-11;Nairobi, Kenya;Main regular party meetings (COP, MOP, etc);Lista obtida
UNFCCC, COP13;UNFCCC;Clima;2007-12;Bali, Indonesia;Main regular party meetings (COP, MOP, etc);Lista obtida
UNFCCC, COP14;UNFCCC;Clima;2008-12;Poznań, Poland;Main regular party meetings (COP, MOP, etc);Lista obtida
UNFCCC, COP15;UNFCCC;Clima;2009-12;Copenhagen, Denmark;Main regular party meetings (COP, MOP, etc);Lista obtida
UNFCCC, COP16;UNFCCC;Clima;2010-12;Cancun, Mexico;Main regular party meetings (COP, MOP, etc);Lista obtida
UNFCCC, COP17;UNFCCC;Clima;2011-12;Durban, South Africa;Main regular party meetings (COP, MOP, etc);Lista obtida
UNFCCC, COP18;UNFCCC;Clima;2012-12;Doha, Qatar;Main regular party meetings (COP, MOP, etc);Lista obtida
UNFCCC, COP19;UNFCCC;Clima;2013-11;Warsaw, Poland;Main regular party meetings (COP, MOP, etc);Lista obtida
UNFCCC, COP20;UNFCCC;Clima;2014-12;Lima, Peru;Main regular party meetings (COP, MOP, etc);Lista obtida
UNFCCC, COP21;UNFCCC;Clima;2015-12;Paris, France;Main regular party meetings (COP, MOP, etc);Lista obtida
UNFCCC, COP22;UNFCCC;Clima;2016-11;Marrakesh, Morocco;Main regular party meetings (COP, MOP, etc);Lista obtida
UNFCCC, COP23;UNFCCC;Clima;2017-11;Bonn, Germany;Main regular party meetings (COP, MOP, etc);Lista obtida
UNFCCC, COP24;UNFCCC;Clima;2018-12;Katowice, Poland;Main regular party meetings (COP, MOP, etc);Lista obtida
UNFCCC, INC01;UNFCCC;Clima;1991-02;Chantilly, United States of America;Prep/Negotiation committees (pre-treaty);Lista obtida
UNFCCC, INC02;UNFCCC;Clima;1991-06;Geneva, Switzerland;Prep/Negotiation committees (pre-treaty);Lista obtida
UNFCCC, INC03;UNFCCC;Clima;1991-09;Nairobi, Kenya;Prep/Negotiation committees (pre-treaty);Lista obtida
UNFCCC, INC04;UNFCCC;Clima;1991-12;Geneva, Switzerland;Prep/Negotiation committees (pre-treaty);Lista obtida
UNFCCC, INC05-1;UNFCCC;Clima;1992-02;New York, United States of America;Prep/Negotiation committees (pre-treaty);Lista obtida
UNFCCC, INC05-2;UNFCCC;Clima;1992-05;New York, United States of America;Prep/Negotiation committees (pre-treaty);Lista obtida
UNFCCC, INC06;UNFCCC;Clima;1992-12;Geneva, Switzerland;Prep/Negotiation committees (pre-treaty);Lista obtida
UNFCCC, INC07;UNFCCC;Clima;1993-03;New York, United States of America;Prep/Negotiation committees (pre-treaty);Lista obtida
UNFCCC, INC08;UNFCCC;Clima;1993-08;Geneva, Switzerland;Prep/Negotiation committees (pre-treaty);Lista obtida
UNFCCC, INC09;UNFCCC;Clima;1994-02;Geneva, Switzerland;Prep/Negotiation committees (pre-treaty);Lista obtida
UNFCCC, INC10;UNFCCC;Clima;1994-08;Geneva, Switzerland;Prep/Negotiation committees (pre-treaty);Lista obtida
UNFCCC, INC11;UNFCCC;Clima;1995-02;Geneva, Switzerland;Prep/Negotiation committees (pre-treaty);Lista obtida
UNFF, 01;United Nations Forum on Forests;Florestas;2001-06;New York, United States of America;Main regular party meetings (COP, MOP, etc);Lista não obtida
UNFF, 02;United Nations Forum on Forests;Florestas;2002-03;New York, United States of America;Main regular party meetings (COP, MOP, etc);Lista não obtida
UNFF, 03;United Nations Forum on Forests;Florestas;2003-06;Geneva, Switzerland;Main regular party meetings (COP, MOP, etc);Lista não obtida
UNFF, 04;United Nations Forum on Forests;Florestas;2004-05;Geneva, Switzerland;Main regular party meetings (COP, MOP, etc);Lista obtida
UNFF, 05;United Nations Forum on Forests;Florestas;2005-05;New York, United States of America;Main regular party meetings (COP, MOP, etc);Lista obtida
UNFF, 06;United Nations Forum on Forests;Florestas;2006-05;New York, United States of America;Main regular party meetings (COP, MOP, etc);Lista obtida
UNFF, 07;United Nations Forum on Forests;Florestas;2007-05;New York, United States of America;Main regular party meetings (COP, MOP, etc);Lista obtida
UNFF, 08;United Nations Forum on Forests;Florestas;2009-05;New York, United States of America;Main regular party meetings (COP, MOP, etc);Lista obtida
UNFF, 09;United Nations Forum on Forests;Florestas;2011-02;New York, United States of America;Main regular party meetings (COP, MOP, etc);Lista obtida
UNFF, 09 Special;United Nations Forum on Forests;Florestas;2009-10;New York, United States of America;Main regular party meetings (COP, MOP, etc);Lista não obtida
UNFF, 10;United Nations Forum on Forests;Florestas;2013-04;Istambul, Turkey;Main regular party meetings (COP, MOP, etc);Lista obtida
UNFF, 11;United Nations Forum on Forests;Florestas;2015-05;New York, United States of America;Main regular party meetings (COP, MOP, etc);Lista obtida
UNFF, 12;United Nations Forum on Forests;Florestas;2017-05;New York, United States of America;Main regular party meetings (COP, MOP, etc);Lista obtida
UNFF, 13;United Nations Forum on Forests;Florestas;2018-05;New York, United States of America;Main regular party meetings (COP, MOP, etc);Lista obtida
UNFF, Organizational Session;United Nations Forum on Forests;Florestas;2001-02;New York, United States of America;Prep/Negotiation committees (pre-treaty);Lista não obtida
UNFF, SS 2017;United Nations Forum on Forests;Florestas;2017-01;New York, United States of America;Main regular party meetings (COP, MOP, etc);Lista não obtida
VC, Conf;Vienna Convention for the Protection of the Ozone Layer;Ozônio;1985-03;Vienna, Austria;Conference of plenipotentiaries;Lista não obtida
VC, COP01;Vienna Convention for the Protection of the Ozone Layer;Ozônio;1989-04;Helsinki, Finland;Main regular party meetings (COP, MOP, etc);Lista obtida
VC, COP02;Vienna Convention for the Protection of the Ozone Layer;Ozônio;1991-06;Nairobi, Kenya;Main regular party meetings (COP, MOP, etc);Lista obtida
VC, COP03;Vienna Convention for the Protection of the Ozone Layer;Ozônio;1993-11;Bangkok, Thailand;Main regular party meetings (COP, MOP, etc);Lista obtida
VC, COP04;Vienna Convention for the Protection of the Ozone Layer;Ozônio;1996-11;San José, Costa Rica;Main regular party meetings (COP, MOP, etc);Lista não obtida
VC, COP05;Vienna Convention for the Protection of the Ozone Layer;Ozônio;1999-11;Beijing, China;Main regular party meetings (COP, MOP, etc);Lista obtida
VC, COP06;Vienna Convention for the Protection of the Ozone Layer;Ozônio;2002-11;Rome, Italy;Main regular party meetings (COP, MOP, etc);Lista não obtida
WSSD, Conf;WSSD;Grandes conferências ONU;2002-09;Johannesburg, South Africa;Conference of plenipotentiaries;Lista obtida
WSSD, Prep Committee, 1;WSSD;Grandes conferências ONU;2001-05;New York, United States of America;Prep/Negotiation committees (pre-treaty);Lista não obtida
WSSD, Prep Committee, 2;WSSD;Grandes conferências ONU;2002-02;New York, United States of America;Prep/Negotiation committees (pre-treaty);Lista não obtida
WSSD, Prep Committee, 3;WSSD;Grandes conferências ONU;2002-04;New York, United States of America;Prep/Negotiation committees (pre-treaty);Lista obtida
WSSD, Prep Committee, 4;WSSD;Grandes conferências ONU;2002-06;Bali, Indonesia;Prep/Negotiation committees (pre-treaty);Lista não obtida
