;Dados do evento;;;;;;;;Filtro;Atividades;;Características do documento;;;
Nome do evento;Conf/Conv;Regime/Tema;Data;Local;Locale;Tipo evento;Código ONU;Comentário;Lista MEA?;Coleta?;Proces.?;Formato lista;Aberto?;Questões a atentar;Corrigendum
Ad Hoc Working Group of Legal and Technical Experts with a Mandate to Prepare a Global Convention on the Control of Transboundary Movements of Hazardous Wastes, Negotiation 1;Basel Convention on the Control of Transboundary Movements of Hazardous Wastes and their Disposal;Lixo tóxico e químicos;1988-02;Genebra;Geneva, Switzerland;Prep/Negotiation committees (pre-treaty);UNEP/WG.182;Brasil não participa http://www.basel.int/TheConvention/Overview/History/Documents/tabid/3407/Default.aspx;Sim;Sim;Brasil;PDF;Não;Uma coluna;
Ad Hoc Working Group of Legal and Technical Experts with a Mandate to Prepare a Global Convention on the Control of Transboundary Movements of Hazardous Wastes, Negotiation 2;Basel Convention on the Control of Transboundary Movements of Hazardous Wastes and their Disposal;Lixo tóxico e químicos;1988-06;Caracas;Caracas, Venezuela;Prep/Negotiation committees (pre-treaty);UNEP/WG.186;http://www.basel.int/TheConvention/Overview/History/Documents/tabid/3407/Default.aspx;Sim;Não;Coleta falhou;;;;
Ad Hoc Working Group of Legal and Technical Experts with a Mandate to Prepare a Global Convention on the Control of Transboundary Movements of Hazardous Wastes, Negotiation 3;Basel Convention on the Control of Transboundary Movements of Hazardous Wastes and their Disposal;Lixo tóxico e químicos;1988-11;Genebra;Geneva, Switzerland;Prep/Negotiation committees (pre-treaty);UNEP/WG.189;http://www.basel.int/TheConvention/Overview/History/Documents/tabid/3407/Default.aspx;Sim;Não;Coleta falhou;;;;
Ad Hoc Working Group of Legal and Technical Experts with a Mandate to Prepare a Global Convention on the Control of Transboundary Movements of Hazardous Wastes, Negotiation 4;Basel Convention on the Control of Transboundary Movements of Hazardous Wastes and their Disposal;Lixo tóxico e químicos;1989-02;Luxemburgo;Luxembourg, Luxembourg;Prep/Negotiation committees (pre-treaty);UNEP/WG.190;http://www.basel.int/TheConvention/Overview/History/Documents/tabid/3407/Default.aspx;Sim;Não;Coleta falhou;;;;
Ad Hoc Working Group of Legal and Technical Experts with a Mandate to Prepare a Global Convention on the Control of Transboundary Movements of Hazardous Wastes, Negotiation 5;Basel Convention on the Control of Transboundary Movements of Hazardous Wastes and their Disposal;Lixo tóxico e químicos;1989-03;Basileia;Basel, Switzerland;Prep/Negotiation committees (pre-treaty);UNEP/WG.191;http://www.basel.int/TheConvention/Overview/History/Documents/tabid/3407/Default.aspx;Sim;Não;Coleta falhou;;;;
Ad Hoc Working Group of Legal and Technical Experts with a Mandate to Prepare a Global Convention on the Control of Transboundary Movements of Hazardous Wastes, Organizational Meeting;Basel Convention on the Control of Transboundary Movements of Hazardous Wastes and their Disposal;Lixo tóxico e químicos;1987-10;Budapeste;Budapest, Hungary;Prep/Negotiation committees (pre-treaty);UNEP/WG.180;Brasil não participa http://www.basel.int/TheConvention/Overview/History/Documents/tabid/3407/Default.aspx;Sim;Sim;Brasil;PDF;Não;Uma coluna;
CBD, Ad Hoc Working Group of Experts on Biological Diversity, 1;Convention on Biological Diversity;Biodiversidade;1988-11;Genebra;Geneva, Switzerland;Prep/Negotiation committees (pre-treaty);UNEP/Bio.Div.1/3;Report;Sim;Sim;Brasil;PDF;Sim;;
CBD, Ad Hoc Working Group of Experts on Biological Diversity, 2;Convention on Biological Diversity;Biodiversidade;1990-02;Genebra;Geneva, Switzerland;Prep/Negotiation committees (pre-treaty);UNEP/Bio.Div.2/3 Annex II;Report;Sim;Sim;Brasil;PDF;Sim;;
CBD, Ad Hoc Working Group of Experts on Biological Diversity, 3;Convention on Biological Diversity;Biodiversidade;1990-07;Genebra;Geneva, Switzerland;Prep/Negotiation committees (pre-treaty);UNEP/Bio.Div.3/Inf.7;;Sim;Sim;Brasil;PDF;Sim;;
CBD, Ad Hoc Working Group of Legal and Technical Experts on Biological Diversity, 1;Convention on Biological Diversity;Biodiversidade;1990-11;Nairobi;Nairobi, Kenya;Prep/Negotiation committees (pre-treaty);UNEP/Bio.Div/WG.2/1;;Sim;Não;Coleta falhou;;;;
CBD, Ad Hoc Working Group of Legal and Technical Experts on Biological Diversity, 2;Convention on Biological Diversity;Biodiversidade;1991-03;Nairobi;Nairobi, Kenya;Prep/Negotiation committees (pre-treaty);UNEP/Bio.Div/WG.2;;Sim;Não;Coleta falhou;;;;
CBD, Ad Hoc Working Group of Legal and Technical Experts on Biological Diversity, 3;Convention on Biological Diversity;Biodiversidade;1991-07;Madri;Madrid, Spain;Prep/Negotiation committees (pre-treaty);UNEP/Bio.Div/WG.2;;Sim;Não;Coleta falhou;;;;
CBD, CONF;Convention on Biological Diversity;Biodiversidade;1992-05;Nairobi;Nairobi, Kenya;Conference of plenipotentiaries;UNEP/BIODIV/CONF/;Conference for the Adoption of the Convention on Biological Diversity;Sim;Não;Coleta falhou;;;;
CBD, COP01;Convention on Biological Diversity;Biodiversidade;1994-12;Nassau;Nassau, Bahamas;Main regular party meetings (COP, MOP, etc);UNEP/CBD/COP;UN ODS;Sim;Sim;Brasil;PDF;Não;Uma coluna;
CBD, COP02;Convention on Biological Diversity;Biodiversidade;1995-11;Jacarta;Jakarta, Indonesia;Main regular party meetings (COP, MOP, etc);UNEP/CBD/COP;BUSCAR: https://www.cbd.int;Sim;Sim;Brasil;PDF;Sim;Duas colunas;Sim
CBD, COP03;Convention on Biological Diversity;Biodiversidade;1996-11;Buenos Aires;Buenos Aires, Argentina;Main regular party meetings (COP, MOP, etc);UNEP/CBD/COP;;Sim;Não;Coleta falhou;;;;
CBD, COP04;Convention on Biological Diversity;Biodiversidade;1998-05;Bratislava;Bratislava, Slovakia;Main regular party meetings (COP, MOP, etc);UNEP/CBD/COP;;Sim;Não;Coleta falhou;;;;
CBD, COP05;Convention on Biological Diversity;Biodiversidade;2000-05;Nairobi;Nairobi, Kenya;Main regular party meetings (COP, MOP, etc);UNEP/CBD/COP;;Sim;Não;Coleta falhou;;;;
CBD, COP06;Convention on Biological Diversity;Biodiversidade;2002-04;Haia;The Hague, Netherlands;Main regular party meetings (COP, MOP, etc);UNEP/CBD/COP;;Sim;Não;Coleta falhou;;;;
CBD, COP07;Convention on Biological Diversity;Biodiversidade;2004-02;Kuala Lumpur;Kuala Lumpur, Malaysia;Main regular party meetings (COP, MOP, etc);UNEP/CBD/COP;;Sim;Não;Coleta falhou;;;;
CBD, COP08;Convention on Biological Diversity;Biodiversidade;2006-03;Curitiba;Curitiba, Brazil;Main regular party meetings (COP, MOP, etc);UNEP/CBD/COP;UN ODS;Sim;Sim;Brasil;PDF;Sim;Duas colunas, contatos, numeração a cada rep;
CBD, COP09;Convention on Biological Diversity;Biodiversidade;2008-05;Bonn;Bonn, Germany;Main regular party meetings (COP, MOP, etc);UNEP/CBD/COP;;Sim;Sim;Brasil;PDF;Sim;Duas colunas, contatos, numeração a cada rep;
CBD, COP10;Convention on Biological Diversity;Biodiversidade;2010-10;Nagoya;Nagoya, Japan;Main regular party meetings (COP, MOP, etc);UNEP/CBD/COP;;Sim;Não;Coleta falhou;;;;
CBD, COP11;Convention on Biological Diversity;Biodiversidade;2012-10;Hyderabad;Hyderabad, India;Main regular party meetings (COP, MOP, etc);UNEP/CBD/COP;;Sim;Não;Coleta falhou;;;;
CBD, COP12;Convention on Biological Diversity;Biodiversidade;2014-10;Pyeongchang;Pyeongchang, South Korea;Main regular party meetings (COP, MOP, etc);UNEP/CBD/COP;;Sim;Não;Coleta falhou;;;;
CBD, COP13;Convention on Biological Diversity;Biodiversidade;2016-12;Cancun;Cancun, Mexico;Main regular party meetings (COP, MOP, etc);UNEP/CBD/COP;;Sim;Não;Coleta falhou;;;;
CBD, COP14;Convention on Biological Diversity;Biodiversidade;2018-11;Sharm El-Sheikh;Sharm El-Sheikh, Egypt;Main regular party meetings (COP, MOP, etc);UNEP/CBD/COP;;Sim;Não;Coleta falhou;;;;
CBD, EXCOP01-01;Convention on Biological Diversity;Biodiversidade;1999-02;Cartagena;Cartagena, Colombia;Main regular party meetings (COP, MOP, etc);UNEP/CBD/EXCOP/1/Inf.1;UN ODS;Sim;Sim;Brasil;PDF;Sim;Duas colunas.;
CBD, EXCOP01-02;Convention on Biological Diversity;Biodiversidade;2000-01;Montreal;Montreal, Canada;Main regular party meetings (COP, MOP, etc);UNEP/CBD/EXCOP/1/Inf.4;"Resumed session
UN ODS";Sim;Sim;Brasil;PDF;Sim;;
CBD, N3 / INC, 1;Convention on Biological Diversity;Biodiversidade;1991-07;Madri;Madrid, Spain;Prep/Negotiation committees (pre-treaty);UNEP/Bio.Div/INC.3;;Sim;Não;Coleta falhou;;;;
CBD, N4 / INC, 2;Convention on Biological Diversity;Biodiversidade;1991-10;Nairobi;Nairobi, Kenya;Prep/Negotiation committees (pre-treaty);UNEP/BIODIV/N4-INC2; 4th Negotiating Session / INC on Biodiv, 2;Sim;Não;Coleta falhou;;;;
CBD, N5 / INC, 3;Convention on Biological Diversity;Biodiversidade;1991-12;Genebra;Geneva, Switzerland;Prep/Negotiation committees (pre-treaty);;;Sim;Não;Coleta falhou;;;;
CBD, N6 / INC, 4;Convention on Biological Diversity;Biodiversidade;1992-02;Nairobi;Nairobi, Kenya;Prep/Negotiation committees (pre-treaty);;;Sim;Não;Coleta falhou;;;;
CBD, N7 / INC, 5;Convention on Biological Diversity;Biodiversidade;1992-05;Nairobi;Nairobi, Kenya;Prep/Negotiation committees (pre-treaty);UNEP/BIODIV/N7-INC5/1;;Sim;Não;Coleta falhou;;;;
CBD, Sub-Working Group on Biotechnology;Convention on Biological Diversity;Biodiversidade;1990-11;Nairobi;Nairobi, Kenya;Prep/Negotiation committees (pre-treaty);UNEP/Bio.DivISWGB.;;Sim;Não;Coleta falhou;;;;
CGRFA, 1st Extraordinary Session;International Treaty on Plant Genetic Resources for Food and Agriculture;Biodiversidade;1994-11;Roma;Rome, Italy;Prep/Negotiation committees (pre-treaty);CPGR-EX1/94/REP;http://www.fao.org/plant-treaty/meetings/meetings-detail/en/c/397220/    Acho que é daqui que sai o mandato para negociar o tratado;Sim;Sim;;PDF;Não;Duas colunas;
CGRFA, 1st Meeting of the CGRFA acting as the Interim Committee for the International Treaty on Plant Genetic Resources...;International Treaty on Plant Genetic Resources for Food and Agriculture;Biodiversidade;2002-10;Roma;Rome, Italy;Prep/Negotiation committees (pre-treaty);;Commission on Genetic Resources for Food and Agriculture;Sim;Não;Coleta falhou;;;;
CGRFA, 2nd Extraordinary Session;International Treaty on Plant Genetic Resources for Food and Agriculture;Biodiversidade;1996-04;Roma;Rome, Italy;Prep/Negotiation committees (pre-treaty);CGRFA-Ex2/96/REP;Report, appendix H;Sim;Sim;;PDF;Sim;Duas colunas.;
CGRFA, 2nd Meeting of the CGRFA acting as the Interim Committee for the International Treaty on Plant Genetic Resources...;International Treaty on Plant Genetic Resources for Food and Agriculture;Biodiversidade;2004-11;Roma;Rome, Italy;Prep/Negotiation committees (pre-treaty);;;Sim;Não;Coleta falhou;;;;
CGRFA, 3rd Extraordinary Session;International Treaty on Plant Genetic Resources for Food and Agriculture;Biodiversidade;1996-12;Roma;Rome, Italy;Prep/Negotiation committees (pre-treaty);;Report;Sim;Sim;;PDF;Sim;Duas colunas.;
CGRFA, 4th Extraordinary Session;International Treaty on Plant Genetic Resources for Food and Agriculture;Biodiversidade;1997-12;Roma;Rome, Italy;Prep/Negotiation committees (pre-treaty);;Report;Sim;Sim;;PDF;Sim;Duas colunas.;
CGRFA, 5th Extraordinary Session;International Treaty on Plant Genetic Resources for Food and Agriculture;Biodiversidade;1998-06;Roma;Rome, Italy;Prep/Negotiation committees (pre-treaty);;Report;Sim;Sim;;PDF;Sim;Duas colunas.;
CGRFA, 6th Extraordinary Session;International Treaty on Plant Genetic Resources for Food and Agriculture;Biodiversidade;2001-06;Roma;Rome, Italy;Prep/Negotiation committees (pre-treaty);;;Sim;Sim;;PDF;Sim;Duas colunas.;
CHW, COP01;Basel Convention on the Control of Transboundary Movements of Hazardous Wastes and their Disposal;Lixo tóxico e químicos;1992-12;Piriapolis (URU);Piriapolis, Uruguay;Main regular party meetings (COP, MOP, etc);UNEP/CHW.1/Inf.1;;Sim;Não;Coleta falhou;;;;
CHW, COP02;Basel Convention on the Control of Transboundary Movements of Hazardous Wastes and their Disposal;Lixo tóxico e químicos;1994-03;Genebra;Geneva, Switzerland;Main regular party meetings (COP, MOP, etc);UNEP/CHW.2;;Sim;Não;Coleta falhou;;;;
CHW, COP03;Basel Convention on the Control of Transboundary Movements of Hazardous Wastes and their Disposal;Lixo tóxico e químicos;1995-09;Genebra;Geneva, Switzerland;Main regular party meetings (COP, MOP, etc);UNEP/CHW.3;;Sim;Não;Coleta falhou;;;;
CHW, COP04;Basel Convention on the Control of Transboundary Movements of Hazardous Wastes and their Disposal;Lixo tóxico e químicos;1998-02;Kuching;Kuching, Malaysia;Main regular party meetings (COP, MOP, etc);UNEP/CHW.4;;Sim;Não;Coleta falhou;;;;
CHW, COP05;Basel Convention on the Control of Transboundary Movements of Hazardous Wastes and their Disposal;Lixo tóxico e químicos;1999-12;Basileia;Basel, Switzerland;Main regular party meetings (COP, MOP, etc);UNEP/CHW.5;;Sim;Não;Coleta falhou;;;;
CHW, COP06;Basel Convention on the Control of Transboundary Movements of Hazardous Wastes and their Disposal;Lixo tóxico e químicos;2002-12;Genebra;Geneva, Switzerland;Main regular party meetings (COP, MOP, etc);UNEP/CHW.6/INF/1/Rev.1;"Todos os coletados daqui abaixo são basel.int. Nota no arquivo: ""THE FOLLOWING COUNTRIES WERE REPRESENTED BUT NO CREDENTIALS WERE SUBMITTED:
ALBANIA, ANDORA, ANTIGUA AND BARBUDA,BARBADOS, BURUNDI, CAMEROON, COSTA RICA, DJIBOUTI, GUINEA, MALI, NIGERIA, PAPUA NEW GUINEA, PHILIPPINES, SYRIAN ARAB REPUBLIC, THE FORMER YUGOSLAV REPUBLIC OF MACEDONIA, VENEZUELA, YEMEN AND ZAMBIA""";Sim;Sim;EstParte;PDF;Sim;Duas colunas;
CHW, COP07;Basel Convention on the Control of Transboundary Movements of Hazardous Wastes and their Disposal;Lixo tóxico e químicos;2004-12;Genebra;Geneva, Switzerland;Main regular party meetings (COP, MOP, etc);UNEP/CHW.7/INF/1/Rev.1;;Sim;Sim;EstParte;PDF;Sim;Duas colunas;
CHW, COP08;Basel Convention on the Control of Transboundary Movements of Hazardous Wastes and their Disposal;Lixo tóxico e químicos;2006-12;Nairobi;Nairobi, Kenya;Main regular party meetings (COP, MOP, etc);UNEP/CHW.8/INF/1/Rev.1;;Sim;Sim;EstParte;PDF;Sim;;
CHW, COP09;Basel Convention on the Control of Transboundary Movements of Hazardous Wastes and their Disposal;Lixo tóxico e químicos;2008-06;Bali;Bali, Indonesia;Main regular party meetings (COP, MOP, etc);UNEP/CHW.9/INF/45;;Sim;Sim;EstParte;PDF;Sim;;
CHW, COP10;Basel Convention on the Control of Transboundary Movements of Hazardous Wastes and their Disposal;Lixo tóxico e químicos;2011-10;Cartagena;Cartagena, Colombia;Main regular party meetings (COP, MOP, etc);UNEP/CHW.10/INF/57/Rev.1;;Sim;Sim;EstParte;DOC/PDF;Sim;;
CHW, COP11;Basel Convention on the Control of Transboundary Movements of Hazardous Wastes and their Disposal;Lixo tóxico e químicos;2013-05;Genebra;Geneva, Switzerland;Main regular party meetings (COP, MOP, etc);UNEP/CHW.11;"UNEP-FAO-CHW-RC-POPS-EXCOPS.2-INF-26.English.pdf
Conferência feita em conjunto com COP e EXCOP das outras";Sim;Sim;Brasil;PDF;Sim;;
CHW, COP12;Basel Convention on the Control of Transboundary Movements of Hazardous Wastes and their Disposal;Lixo tóxico e químicos;2015-05;Genebra;Geneva, Switzerland;Main regular party meetings (COP, MOP, etc);UNEP/CHW.12/INF/58;;Sim;Sim;Brasil;DOC/PDF;Sim;;
CHW, COP13;Basel Convention on the Control of Transboundary Movements of Hazardous Wastes and their Disposal;Lixo tóxico e químicos;2017-05;Genebra;Geneva, Switzerland;Main regular party meetings (COP, MOP, etc);UNEP/CHW.13/INF/70;;Sim;Sim;Brasil;DOC/PDF;Sim;;
CHW, COP14;Basel Convention on the Control of Transboundary Movements of Hazardous Wastes and their Disposal;Lixo tóxico e químicos;2019-05;Genebra;Geneva, Switzerland;Main regular party meetings (COP, MOP, etc);UNEP/CHW.14/INF/60;;Sim;Sim;Brasil;DOC/PDF;Sim;;
CITES, Conf;Convention on International Trade in Endangered Species of Wild Fauna and Flora;Biodiversidade - Espécies;1973-03;Washington;Washington, United States of America;Conference of plenipotentiaries;;;Sim;Não;Coleta falhou;;;;
CITES, COP01;Convention on International Trade in Endangered Species of Wild Fauna and Flora;Biodiversidade - Espécies;1976-11;Berna;Bern, Switzerland;Main regular party meetings (COP, MOP, etc);;Brasil não participou, segundo report do comitê de credenciais;Sim;Sim;Brasil;PDF;Sim;Col país, col parts + contato.;
CITES, COP02;Convention on International Trade in Endangered Species of Wild Fauna and Flora;Biodiversidade - Espécies;1979-03;San José;San José, Costa Rica;Main regular party meetings (COP, MOP, etc);;;Sim;Sim;Brasil;PDF;Sim;2 colunas;
CITES, COP03;Convention on International Trade in Endangered Species of Wild Fauna and Flora;Biodiversidade - Espécies;1981-03;Nova Delhi;New Delhi, India;Main regular party meetings (COP, MOP, etc);;erro na lista observadores;Sim;Sim;Brasil;PDF;Sim;;
CITES, COP04;Convention on International Trade in Endangered Species of Wild Fauna and Flora;Biodiversidade - Espécies;1983-04;Gaborone;Gaborone, Botswana;Main regular party meetings (COP, MOP, etc);;;Sim;Sim;Brasil;PDF;Sim;;
CITES, COP05;Convention on International Trade in Endangered Species of Wild Fauna and Flora;Biodiversidade - Espécies;1985-05;Buenos Aires;Buenos Aires, Argentina;Main regular party meetings (COP, MOP, etc);;;Sim;Sim;Brasil;PDF;Sim;;
CITES, COP06;Convention on International Trade in Endangered Species of Wild Fauna and Flora;Biodiversidade - Espécies;1987-07;Ottawa;Ottawa, Canada;Main regular party meetings (COP, MOP, etc);;;Sim;Sim;Brasil;PDF;Sim;;
CITES, COP07;Convention on International Trade in Endangered Species of Wild Fauna and Flora;Biodiversidade - Espécies;1989-10;Lausanne;Lausanne, Switzerland;Main regular party meetings (COP, MOP, etc);;;Sim;Sim;Brasil;PDF;Sim;;
CITES, COP08;Convention on International Trade in Endangered Species of Wild Fauna and Flora;Biodiversidade - Espécies;1992-03;Kyoto;Kyoto, Japan;Main regular party meetings (COP, MOP, etc);;;Sim;Sim;Brasil;PDF;Sim;;
CITES, COP09;Convention on International Trade in Endangered Species of Wild Fauna and Flora;Biodiversidade - Espécies;1994-11;Fort Lauderdale;Fort Lauderdale, United States of America;Main regular party meetings (COP, MOP, etc);;;Sim;Sim;Brasil;PDF;Sim;;
CITES, COP10;Convention on International Trade in Endangered Species of Wild Fauna and Flora;Biodiversidade - Espécies;1997-06;Harare;Harare, Zimbabue;Main regular party meetings (COP, MOP, etc);;;Sim;Sim;Brasil;PDF;Sim;;
CITES, COP11;Convention on International Trade in Endangered Species of Wild Fauna and Flora;Biodiversidade - Espécies;2000-04;Gigiri;Gigiri, Kenya;Main regular party meetings (COP, MOP, etc);;;Sim;Sim;Brasil;PDF;Sim;;
CITES, COP12;Convention on International Trade in Endangered Species of Wild Fauna and Flora;Biodiversidade - Espécies;2002-11;Santiago;Santiago, Chile;Main regular party meetings (COP, MOP, etc);;;Sim;Sim;Brasil;PDF;Sim;;
CITES, COP13;Convention on International Trade in Endangered Species of Wild Fauna and Flora;Biodiversidade - Espécies;2004-10;Bangkok;Bangkok, Thailand;Main regular party meetings (COP, MOP, etc);;;Sim;Sim;Brasil;PDF;Sim;Nome - cargo - contatos;
CITES, COP14;Convention on International Trade in Endangered Species of Wild Fauna and Flora;Biodiversidade - Espécies;2007-06;Haia;The Hague, Netherlands;Main regular party meetings (COP, MOP, etc);;;Sim;Sim;Brasil;PDF;Sim;Nome - cargo - contatos;
CITES, COP15;Convention on International Trade in Endangered Species of Wild Fauna and Flora;Biodiversidade - Espécies;2010-03;Doha;Doha, Qatar;Main regular party meetings (COP, MOP, etc);;;Sim;Sim;Brasil;PDF;Sim;Nome - contatos;
CITES, COP16;Convention on International Trade in Endangered Species of Wild Fauna and Flora;Biodiversidade - Espécies;2013-03;Bangkok;Bangkok, Thailand;Main regular party meetings (COP, MOP, etc);;;Sim;Sim;Brasil;PDF;Sim;Nome - contatos;
CITES, COP17;Convention on International Trade in Endangered Species of Wild Fauna and Flora;Biodiversidade - Espécies;2016-10;Joanesburgo;Johannesburg, South Africa;Main regular party meetings (COP, MOP, etc);;;Sim;Sim;Brasil;PDF;Sim;Linha país - Nome - Adviser/Representative;
CITES, COP18;Convention on International Trade in Endangered Species of Wild Fauna and Flora;Biodiversidade - Espécies;2019-08;Genebra;Geneva, Switzerland;Main regular party meetings (COP, MOP, etc);;;Sim;Sim;Brasil;PDF;Sim;Linha país - Nome. Não tem cargo/org;
CMS, CONF;Convention on Migratory Species;Biodiversidade - Espécies;1979-10;Bonn;Bonn, Germany;Conference of plenipotentiaries;;;Sim;Não;Coleta falhou;;;;
CMS, COP01;Convention on Migratory Species;Biodiversidade - Espécies;1985-10;Bonn;Bonn, Germany;Main regular party meetings (COP, MOP, etc);CMS/Inf.1/Ver.2;"Brasil era observador; lista dentro dos proceedings; https://www.cms.int/en/meetings/conference-of-parties";Sim;Sim;Brasil;PDF;Não;Duas colunas só quando há mais de um rep por país;
CMS, COP02;Convention on Migratory Species;Biodiversidade - Espécies;1988-10;Genebra;Geneva, Switzerland;Main regular party meetings (COP, MOP, etc);UNEP/CMS.Conf.2.16;"Brasil não foi; nos proceedings (anexos). Site CMS";Sim;Sim;Brasil;PDF;Não;Uma coluna;
CMS, COP03;Convention on Migratory Species;Biodiversidade - Espécies;1991-09;Genebra;Geneva, Switzerland;Main regular party meetings (COP, MOP, etc);UNEP/CMS.Conf.3.21;"Brasil era observador; nos proceedings (anexos). Site CMS";Sim;Sim;Brasil;PDF;Não;Uma coluna;
CMS, COP04;Convention on Migratory Species;Biodiversidade - Espécies;1994-06;Nairobi;Nairobi, Kenya;Main regular party meetings (COP, MOP, etc);UNEP/CMS.Conf.4.16;"Brasil não foi; nos proceedings (anexos). Site CMS";Sim;Sim;Brasil;PDF;Não;Duas colunas;
CMS, COP05;Convention on Migratory Species;Biodiversidade - Espécies;1997-04;Genebra;Geneva, Switzerland;Main regular party meetings (COP, MOP, etc);;Só tenho proceedings;Sim;Não;Coleta falhou;;;;
CMS, COP06;Convention on Migratory Species;Biodiversidade - Espécies;1999-11;Cape Town;Cape Town, South Africa;Main regular party meetings (COP, MOP, etc);;;Sim;Não;Coleta falhou;;;;
CMS, COP07;Convention on Migratory Species;Biodiversidade - Espécies;2002-09;Bonn;Bonn, Germany;Main regular party meetings (COP, MOP, etc);;Brasil observador. Nos proceedings (anexos). Site CMS;Sim;Sim;Brasil;PDF;Sim;Duas colunas;
CMS, COP08;Convention on Migratory Species;Biodiversidade - Espécies;2005-11;Nairobi;Nairobi, Kenya;Main regular party meetings (COP, MOP, etc);UNEP/CMS;;Sim;Não;Coleta falhou;;;;
CMS, COP09;Convention on Migratory Species;Biodiversidade - Espécies;2008-12;Roma;Rome, Italy;Main regular party meetings (COP, MOP, etc);UNEP/CMS/COP9/REPORT;Brasil 'other delegations'. Nos proceedings (anexos). Site CMS;Sim;Sim;Brasil;PDF;Sim;Duas colunas;
CMS, COP10;Convention on Migratory Species;Biodiversidade - Espécies;2011-11;Bergen;Bergen, Norway;Main regular party meetings (COP, MOP, etc);UNEP/CMS/COP10/REPORT;Brasil não participou. Nos proceedings (anexos). Site CMS;Sim;Sim;Brasil;PDF;Sim;Duas colunas;
CMS, COP11;Convention on Migratory Species;Biodiversidade - Espécies;2014-11;Quito;Quito, Ecuador;Main regular party meetings (COP, MOP, etc);UNEP/CMS/COP11/REPORT;Nos proceedings (anexos). Site CMS;Sim;Sim;Brasil;PDF;Sim;Duas colunas;
CMS, COP12;Convention on Migratory Species;Biodiversidade - Espécies;2017-10;Manila;Manila, Philipines;Main regular party meetings (COP, MOP, etc);;;Sim;Não;Coleta falhou;;;;
CMS, COP13;Convention on Migratory Species;Biodiversidade - Espécies;2020-02;Gandhinagar;Gandhinagar, India;Main regular party meetings (COP, MOP, etc);;;Sim;Não;Coleta falhou;;;;
COFO, 01;FAO Committee on Forestry;Florestas;1972-03;Roma;Rome, Italy;Main regular party meetings (COP, MOP, etc);COFO-72/REP;;Não;Sim;Brasil;PDF;Não;;
COFO, 02;FAO Committee on Forestry;Florestas;1974-05;Roma;Rome, Italy;Main regular party meetings (COP, MOP, etc);COFO-74/REP;;Não;Sim;Brasil;PDF;Não;;
COFO, 03;FAO Committee on Forestry;Florestas;1976-11;Roma;Rome, Italy;Main regular party meetings (COP, MOP, etc);COFO-76/REP;;Não;Sim;Brasil;PDF;Não;;
COFO, 04;FAO Committee on Forestry;Florestas;1978-05;Roma;Rome, Italy;Main regular party meetings (COP, MOP, etc);COFO-78/REP;;Não;Sim;Brasil;PDF;Não;;
COFO, 05;FAO Committee on Forestry;Florestas;1980-05;Roma;Rome, Italy;Main regular party meetings (COP, MOP, etc);COFO-80/REP;;Não;Sim;Brasil;PDF;Não;;
COFO, 06;FAO Committee on Forestry;Florestas;1982-05;Roma;Rome, Italy;Main regular party meetings (COP, MOP, etc);COFO-82/REP;;Não;Sim;Brasil;PDF;Não;;
COFO, 07;FAO Committee on Forestry;Florestas;1984-05;Roma;Rome, Italy;Main regular party meetings (COP, MOP, etc);COFO-84/REP;;Não;Sim;Brasil;PDF;Não;;
COFO, 08;FAO Committee on Forestry;Florestas;1986-04;Roma;Rome, Italy;Main regular party meetings (COP, MOP, etc);COFO-86/REP;;Não;Sim;Brasil;PDF;Não;;
COFO, 09;FAO Committee on Forestry;Florestas;1988-05;Roma;Rome, Italy;Main regular party meetings (COP, MOP, etc);COFO-88/REP;;Não;Sim;Brasil;PDF;Não;;
COFO, 10;FAO Committee on Forestry;Florestas;1990-09;Roma;Rome, Italy;Main regular party meetings (COP, MOP, etc);COFO-90/REP;;Não;Sim;Brasil;PDF;Não;;
COFO, 11;FAO Committee on Forestry;Florestas;1993-03;Roma;Rome, Italy;Main regular party meetings (COP, MOP, etc);COFO-93/REP;;Não;Sim;Brasil;PDF;Não;;
COFO, 12;FAO Committee on Forestry;Florestas;1995-03;Roma;Rome, Italy;Main regular party meetings (COP, MOP, etc);COFO-95/REP;;Não;Sim;Brasil;PDF;Não;;
COFO, 13;FAO Committee on Forestry;Florestas;1997-03;Roma;Rome, Italy;Main regular party meetings (COP, MOP, etc);COFO-97/REP;;Não;Sim;Brasil;PDF;Não;;
COFO, 14;FAO Committee on Forestry;Florestas;1999-03;Roma;Rome, Italy;Main regular party meetings (COP, MOP, etc);COFO-99;;Não;Não;Coleta falhou;;;;
COFO, 15;FAO Committee on Forestry;Florestas;2001-03;Roma;Rome, Italy;Main regular party meetings (COP, MOP, etc);COFO/2001;;Não;Não;Coleta falhou;;;;
COFO, 16;FAO Committee on Forestry;Florestas;2003-03;Roma;Rome, Italy;Main regular party meetings (COP, MOP, etc);COFO/2003/INF/3;Único link faltando no site foi o dos participantes;Não;Não;Coleta falhou;;;;
COFO, 17;FAO Committee on Forestry;Florestas;2005-03;Roma;Rome, Italy;Main regular party meetings (COP, MOP, etc);COFO 2005/Inf.3;;Não;Sim;Brasil;HTML;Sim;;
COFO, 18;FAO Committee on Forestry;Florestas;2007-03;Roma;Rome, Italy;Main regular party meetings (COP, MOP, etc);COFO 2007;;Não;Sim;Brasil;PDF;Sim;;
COFO, 19;FAO Committee on Forestry;Florestas;2009-03;Roma;Rome, Italy;Main regular party meetings (COP, MOP, etc);COFO2009/Inf.3;Não abriu o link;Não;Não;Coleta falhou;;;;
COFO, 20;FAO Committee on Forestry;Florestas;2010-10;Roma;Rome, Italy;Main regular party meetings (COP, MOP, etc);COFO2010/Inf.3 ;;Não;Sim;Brasil;PDF;Sim;;
COFO, 21;FAO Committee on Forestry;Florestas;2012-09;Roma;Rome, Italy;Main regular party meetings (COP, MOP, etc);COFO/2012/LOP;;Não;Sim;Brasil;PDF;Sim;;
COFO, 22;FAO Committee on Forestry;Florestas;2014-06;Roma;Rome, Italy;Main regular party meetings (COP, MOP, etc);COFO/2014/Inf.3;;Não;Sim;Brasil;PDF;Sim;;
COFO, 23;FAO Committee on Forestry;Florestas;2016-07;Roma;Rome, Italy;Main regular party meetings (COP, MOP, etc);;;Não;Não;Coleta falhou;;;;
COFO, 24;FAO Committee on Forestry;Florestas;2018-06;Roma;Rome, Italy;Main regular party meetings (COP, MOP, etc);COFO/2018/Inf.4;;Não;Sim;Brasil;PDF;Sim;;
Conference of Plenipotentiaries on the Convention on Hazardous Chemicals in International Trade;Rotterdam Convention on the Prior Informed Consent Procedure for Certain Hazardous Chemicals and Pesticides in International Trade;Lixo tóxico e químicos;1998-09;Roterdã;Rotterdam, Netherlands;Conference of plenipotentiaries;UNEP/FAO/PIC/CONF/1/;;Sim;Não;Coleta falhou;;;;
Conference of Plenipotentiaries on the Global Convention on the Control of Transboundary Movements of Hazardous Wastes;Basel Convention on the Control of Transboundary Movements of Hazardous Wastes and their Disposal;Lixo tóxico e químicos;1989-03;Basileia;Basel, Switzerland;Conference of plenipotentiaries;UNEP/IG.80;Doc interessante: lista os códigos de documentos dos preparatórios e fala que Brasil esteve em quatro deles. http://www.basel.int/TheConvention/Overview/History/Documents/tabid/3407/Default.aspx;Sim;Não;Coleta falhou;;;;
GEF, 1st Assembly;Global Environmental Facility;Financiamento;1998-04;Nova Delhi;New Delhi, India;Main regular party meetings (COP, MOP, etc);GEF/A.01;https://www.thegef.org/;Não;Não;Coleta falhou;;;;
GEF, 2nd Assembly;Global Environmental Facility;Financiamento;2002-10;Beijing;Beijing, China;Main regular party meetings (COP, MOP, etc);GEF/A.02;https://www.thegef.org/;Não;Não;Coleta falhou;;;;
GEF, 3rd Assembly;Global Environmental Facility;Financiamento;2006-08;Cape Town;Cape Town, South Africa;Main regular party meetings (COP, MOP, etc);GEF/A.03;https://www.thegef.org/;Não;Não;Coleta falhou;;;;
GEF, 4th Assembly;Global Environmental Facility;Financiamento;2010-05;Punta del Este;Punta del Este, Uruguay;Main regular party meetings (COP, MOP, etc);GEF/A.04;https://www.thegef.org/;Não;Não;Coleta falhou;;;;
GEF, 5th Assembly;Global Environmental Facility;Financiamento;2014-05;Cancun;Cancun, Mexico;Main regular party meetings (COP, MOP, etc);GEF/A.05;https://www.thegef.org/;Não;Não;Coleta falhou;;;;
GEF, 6th Assembly;Global Environmental Facility;Financiamento;2018-06;Da Nang;Da Nang, Vietnam;Main regular party meetings (COP, MOP, etc);GEF/A.06;https://www.thegef.org/;Não;Não;Coleta falhou;;;;
ICCD, CONF;UN Convention to Combat Desertification;Desertificação;1994-06;Paris;Paris, France;Conference of plenipotentiaries;;;Sim;;;;;;
ICCD, COP01;UN Convention to Combat Desertification;Desertificação;1997-10;Roma;Rome, Italy;Main regular party meetings (COP, MOP, etc);;;Sim;Não;Coleta falhou;;;;
ICCD, COP02;UN Convention to Combat Desertification;Desertificação;1998-12;Dacar;Dakar, Senegal;Main regular party meetings (COP, MOP, etc);ICCD/COP(2);;Sim;Sim;Brasil;PDF;Não;;
ICCD, COP03;UN Convention to Combat Desertification;Desertificação;1999-11;Recife;Recife, Brazil;Main regular party meetings (COP, MOP, etc);ICCD/COP(3);;Sim;Sim;Brasil;PDF;Sim;;
ICCD, COP04;UN Convention to Combat Desertification;Desertificação;2000-12;Bonn;Bonn, Germany;Main regular party meetings (COP, MOP, etc);;;Sim;Não;Coleta falhou;;;;
ICCD, COP05;UN Convention to Combat Desertification;Desertificação;2001-12;Genebra;Geneva, Switzerland;Main regular party meetings (COP, MOP, etc);ICCD/COP(5);;Sim;Sim;Brasil;PDF;Sim;;
ICCD, COP06;UN Convention to Combat Desertification;Desertificação;2003-09;Havana;Havana, Cuba;Main regular party meetings (COP, MOP, etc);;;Sim;Não;Coleta falhou;;;;
ICCD, COP07;UN Convention to Combat Desertification;Desertificação;2008-11;Istambul;Istambul, Turkey;Main regular party meetings (COP, MOP, etc);;;Sim;Não;Coleta falhou;;;;
ICCD, COP08;UN Convention to Combat Desertification;Desertificação;2007-09;Madri;Madrid, Spain;Main regular party meetings (COP, MOP, etc);ICCD/COP(8)/MISC.2;Pre-registered participants;Sim;Sim;Brasil;PDF;Sim;;
ICCD, COP09;UN Convention to Combat Desertification;Desertificação;2009-10;Buenos Aires;Buenos Aires, Argentina;Main regular party meetings (COP, MOP, etc);;;Sim;Não;Coleta falhou;;;;
ICCD, COP10;UN Convention to Combat Desertification;Desertificação;2011-10;Changwon;Changwon, South Korea;Main regular party meetings (COP, MOP, etc);ICCD/COP(10);;Sim;Sim;Brasil;PDF;Sim;;
ICCD, COP11;UN Convention to Combat Desertification;Desertificação;2013-09;Windhoek;Windhoek, Namibia;Main regular party meetings (COP, MOP, etc);ICCD/COP(11);;Sim;Sim;Brasil;PDF;Sim;;
ICCD, COP12;UN Convention to Combat Desertification;Desertificação;2015-10;Ankara;Ankara, Turkey;Main regular party meetings (COP, MOP, etc);ICCD/COP(12);;Sim;Sim;Brasil;PDF;Sim;;
ICCD, COP13;UN Convention to Combat Desertification;Desertificação;2017-09;Ordos;Ordos, China;Main regular party meetings (COP, MOP, etc);ICCD/COP(13);;Sim;Sim;Brasil;PDF;Sim;;
ICCD, COP14;UN Convention to Combat Desertification;Desertificação;2019-10;Nova Delhi;New Delhi, India;Main regular party meetings (COP, MOP, etc);ICCD/COP(14);;Sim;Sim;Brasil;PDF;Sim;;
ICCD, COP-ES 01;UN Convention to Combat Desertification;Desertificação;2007-11;Nova Iorque;New York, United States of America;Main regular party meetings (COP, MOP, etc);ICCD/COP(ES-1)/INF.3;Extraordinary Session;Sim;Sim;Brasil;PDF;Sim;;
ICCD, INC 01;UN Convention to Combat Desertification;Desertificação;1993-06;Nairobi;Nairobi, Kenya;Prep/Negotiation committees (pre-treaty);;;Sim;Não;;;;;
ICCD, INC 02;UN Convention to Combat Desertification;Desertificação;1993-09;Genebra;Geneva, Switzerland;Prep/Negotiation committees (pre-treaty);A/AC.241/Inf.2;Intergovernmental Negotiating Committee, não tem informações sobre qual sessão;Sim;Sim;Brasil;PDF;Não;;
ICCD, INC 03;UN Convention to Combat Desertification;Desertificação;1994-01;New York;New York, United States of America;Prep/Negotiation committees (pre-treaty);;;Sim;Não;;;;;
ICCD, INC 04;UN Convention to Combat Desertification;Desertificação;1994-03;Genebra;Geneva, Switzerland;Prep/Negotiation committees (pre-treaty);A/AC.241/Inf.3;Intergovernmental Negotiating Committee, não tem informações sobre qual sessão;Sim;Sim;Brasil;PDF;Não;;
ICCD, INC 05;UN Convention to Combat Desertification;Desertificação;1994-06;Paris;Paris, France;Prep/Negotiation committees (pre-treaty);;;Sim;Não;;;;;
ICCD, INC 08;UN Convention to Combat Desertification;Desertificação;1996-06;Genebra;Geneva, Switzerland;Prep/Negotiation committees (pre-treaty);A/AC.241/Misc.4;Intergovernmental Negotiating Committee;Sim;Sim;Brasil;PDF;Não;;
ICCD, INC Organizational Session;UN Convention to Combat Desertification;Desertificação;1993-01;New York;New York, United States of America;Prep/Negotiation committees (pre-treaty);;;Sim;Não;;;;;
ICCM, 01;International Conference on Chemicals Management;Lixo tóxico e químicos;2006-02;Dubai;Dubai, United Arab Emirates;Main regular party meetings (COP, MOP, etc);SAICM/ICCM.1/INF/6 ;;Sim;Não;;;;;
ICCM, 02;International Conference on Chemicals Management;Lixo tóxico e químicos;2009-05;Genebra;Geneva, Switzerland;Main regular party meetings (COP, MOP, etc);SAICM/ICCM.2/INF/52;;Sim;Sim;Brasil;PDF;;;
ICCM, 03;International Conference on Chemicals Management;Lixo tóxico e químicos;2012-09;Nairobi;Nairobi, Kenya;Main regular party meetings (COP, MOP, etc);SAICM/ICCM.3/INF/42;;Sim;Sim;Brasil;PDF;;;
ICCM, 04;International Conference on Chemicals Management;Lixo tóxico e químicos;2015-10;Genebra;Geneva, Switzerland;Main regular party meetings (COP, MOP, etc);SAICMM/ICCM.4/INF/38;;Sim;Sim;Brasil;DOC;;;
ICCM, 05;International Conference on Chemicals Management;Lixo tóxico e químicos;2021-07;Bonn;Bonn, Germany;Main regular party meetings (COP, MOP, etc);;;Sim;;;;;;
Intergovernmental Conference on the Convention on the Dumping of Wastes at Sea;London Convention on the Prevention of Marine Pollution by Dumping of Wastes and Other Matter 1972;Mar;1972-11;;;;;http://www.imo.org;Sim;;;;;;
Intergovernmental Meeting on Ocean Dumping;London Convention on the Prevention of Marine Pollution by Dumping of Wastes and Other Matter 1972;Mar;1972;Reykjavik;;;;;Sim;;;;;;
Intergovernmental negotiating committee, session 2;Stockholm Convention on Persistent Organic Pollutants;Lixo tóxico e químicos;1999-01;Nairobi;Nairobi, Kenya;Prep/Negotiation committees (pre-treaty);;http://chm.pops.int;Sim;Não;Coleta falhou;;;;
Inter-Governmental Negotiation Committee, 11th session;Rotterdam Convention on the Prior Informed Consent Procedure for Certain Hazardous Chemicals and Pesticides in International Trade;Lixo tóxico e químicos;2004-09;Genebra;Geneva, Switzerland;Prep/Negotiation committees (pre-treaty);UNEP/FAO/PIC/INC.11;;Sim;Não;Coleta falhou;;;;
Inter-Governmental Negotiation Committee, 1st session;Rotterdam Convention on the Prior Informed Consent Procedure for Certain Hazardous Chemicals and Pesticides in International Trade;Lixo tóxico e químicos;1996-03;Bruxelas;Brussels, Belgium;Prep/Negotiation committees (pre-treaty);UNEP/FAO/PIC/INC.1/;;Sim;Não;Coleta falhou;;;;
International Conference on Tanker Safety and Pollution Prevention;Protocol of 1978 relating to the International Convention for the Safety of Life at Sea, 1974 and the Protocol of 1978 relating to the International Convention for the Prevention of Pollution from Ships, 1973;Mar;1978-02;;;;TSPP/CONF;protocolo marpol;Não;;;;;;
ITPGRFA, Governing Body 1;International Treaty on Plant Genetic Resources for Food and Agriculture;Biodiversidade;2006-06;Madri;Madrid, Spain;Main regular party meetings (COP, MOP, etc);;;Sim;Não;Coleta falhou;;;;
ITPGRFA, Governing Body 2;International Treaty on Plant Genetic Resources for Food and Agriculture;Biodiversidade;2007-10;Roma;Rome, Italy;Main regular party meetings (COP, MOP, etc);;;Sim;Não;Coleta falhou;;;;
ITPGRFA, Governing Body 3;International Treaty on Plant Genetic Resources for Food and Agriculture;Biodiversidade;2009-06;Tunísia;Tunis, Tunisia;Main regular party meetings (COP, MOP, etc);;;Sim;Não;Coleta falhou;;;;
ITPGRFA, Governing Body 4;International Treaty on Plant Genetic Resources for Food and Agriculture;Biodiversidade;2011-03;Bali;Bali, Indonesia;Main regular party meetings (COP, MOP, etc);;;Sim;Não;Coleta falhou;;;;
ITPGRFA, Governing Body 5;International Treaty on Plant Genetic Resources for Food and Agriculture;Biodiversidade;2013-09;Omã;Muscat, Oman;Main regular party meetings (COP, MOP, etc);;;Sim;Não;Coleta falhou;;;;
ITPGRFA, Governing Body 6;International Treaty on Plant Genetic Resources for Food and Agriculture;Biodiversidade;2015-10;Roma;Rome, Italy;Main regular party meetings (COP, MOP, etc);;;Sim;Não;Coleta falhou;;;;
ITPGRFA, Governing Body 7;International Treaty on Plant Genetic Resources for Food and Agriculture;Biodiversidade;2017-10;Ruanda;Kigali, Rwanda;Main regular party meetings (COP, MOP, etc);;;Sim;Não;Coleta falhou;;;;
ITPGRFA, Governing Body 8;International Treaty on Plant Genetic Resources for Food and Agriculture;Biodiversidade;2019-11;Roma;Rome, Italy;Main regular party meetings (COP, MOP, etc);;;Sim;Não;Coleta falhou;;;;
London Convention 1972;London Convention on the Prevention of Marine Pollution by Dumping of Wastes and Other Matter 1972;Mar;1972;Londres;London, United Kingdom;;;http://www.imo.org;Sim;;;;;;
London Protocol;London Protocol to the Convention on the Prevention of Marine Pollution by Dumping of Wastes and Other Matter;Mar;1996;Londres;London, United Kingdom;;;http://www.imo.org;Não;;;;;;
MARPOL;International Convention for the Prevention of Pollution from Ships;Mar;1973-11;;;;MP/CONF/INF.1;http://www.imo.org/en/KnowledgeCentre/ReferencesAndArchives/IMO_Conferences_and_Meetings/MARPOL/MP_CONF_1973/Pages/default.aspx;Sim;Sim;;PDF;Não;Uma coluna;
MARPOL, COP1;International Convention for the Prevention of Pollution from Ships;Mar;1994-11;;;;MP/CONF.2;http://www.imo.org;Sim;;;;;;
MARPOL, COP2;International Convention for the Prevention of Pollution from Ships;Mar;1997-09;;;;MP/CONF.3;http://www.imo.org;Sim;;;;;;
Minamata, CONF;Minamata Convention on Mercury;Lixo tóxico e químicos;2013-10;Kumamoto;Kumamoto, Japan;Conference of plenipotentiaries;;Conference of Plenipotentiaries on the Minamata Convention on Mercury;Sim;Não;Coleta falhou;;;;
Minamata, CONF-PM;Minamata Convention on Mercury;Lixo tóxico e químicos;2013-10;Kumamoto;Kumamoto, Japan;Prep/Negotiation committees (pre-treaty);;Preparatory Meeting for the Conference of Plenipotentiaries on the Minamata Convention on Mercury;Sim;Não;Coleta falhou;;;;
Minamata, COP01;Minamata Convention on Mercury;Lixo tóxico e químicos;2017-09;Genebra;Geneva, Switzerland;Main regular party meetings (COP, MOP, etc);UNEP/MC/COP.1/INF/17;;Sim;Sim;Brasil;PDF;Sim;;
Minamata, COP02;Minamata Convention on Mercury;Lixo tóxico e químicos;2018-11;Genebra;Geneva, Switzerland;Main regular party meetings (COP, MOP, etc);UNEP/MC/COP.2/INF/21;;Sim;Sim;Brasil;PDF/DOC;Sim;;
Minamata, COP03;Minamata Convention on Mercury;Lixo tóxico e químicos;2019-11;Genebra;Geneva, Switzerland;Main regular party meetings (COP, MOP, etc);UNEP/MC/COP.3/INF/28;;Sim;Sim;Brasil;PDF/DOC;Sim;;
Minamata, COP04;Minamata Convention on Mercury;Lixo tóxico e químicos;2021-11;Bali;Bali, Indonesia;Main regular party meetings (COP, MOP, etc);;;Sim;;;;;;
Minamata, INC01;Minamata Convention on Mercury;Lixo tóxico e químicos;2010-06;Estocolmo;Stockholm, Sweden;Prep/Negotiation committees (pre-treaty);UNEP(DTIE)/Hg/INC.1;;Sim;Não;Coleta falhou;;;;
Minamata, INC02;Minamata Convention on Mercury;Lixo tóxico e químicos;2011-01;Chiba;Chiba, Japan;Prep/Negotiation committees (pre-treaty);UNEP(DTIE)/Hg/INC.2/INF/9;;Sim;Sim;Brasil;PDF/DOC;Sim;;
Minamata, INC03;Minamata Convention on Mercury;Lixo tóxico e químicos;2011-11;Nairobi;Nairobi, Kenya;Prep/Negotiation committees (pre-treaty);UNEP(DTIE)/Hg/INC.3/INF/5;;Sim;Sim;Brasil;PDF/DOC;Sim;;
Minamata, INC04;Minamata Convention on Mercury;Lixo tóxico e químicos;2012-07;Punta del Este;Punta del Este, Uruguay;Prep/Negotiation committees (pre-treaty);UNEP(DTIE)/Hg/INC.4/INF/3;;Sim;Sim;Brasil;PDF;Sim;;
Minamata, INC05;Minamata Convention on Mercury;Lixo tóxico e químicos;2013-01;Genebra;Geneva, Switzerland;Prep/Negotiation committees (pre-treaty);"
UNEP(DTIE)/Hg/INC.5/INF 3/Rev.2";;Sim;Sim;Brasil;PDF;Sim;;
Minamata, INC06;Minamata Convention on Mercury;Lixo tóxico e químicos;2014-11;Bangkok;Bangkok, Thailand;Prep/Negotiation committees (pre-treaty);UNEP(DTIE)/Hg/INC.6/INF 11/Rev.1 ;;Sim;Sim;Brasil;PDF;Sim;;
Minamata, INC07;Minamata Convention on Mercury;Lixo tóxico e químicos;2016-03;Dead Sea, Jordan;Dead Sea, Jordan;Prep/Negotiation committees (pre-treaty);UNEP(DTIE)/Hg/INC.7/INF/10;Seventh session of the intergovernmental negotiating committee on mercury;Sim;Sim;Brasil;PDF;Sim;;
MP, Conf;Montreal Protocol on Substances that Deplete the Ozone Layer;Ozônio;1987-09;Montreal;Montreal, Canada;Conference of plenipotentiaries;;;Sim;Não;Coleta falhou;;;;
MP, EXMOP01;Montreal Protocol on Substances that Deplete the Ozone Layer;Ozônio;2004-03;Montreal;Montreal, Canada;Main regular party meetings (COP, MOP, etc);UNEP/OzL.Pro.ExMP;;Sim;Não;Coleta falhou;;;;
MP, EXMOP02;Montreal Protocol on Substances that Deplete the Ozone Layer;Ozônio;2005-07;Montreal;Montreal, Canada;Main regular party meetings (COP, MOP, etc);UNEP/OzL.Pro.ExMOP/2;;Sim;Não;Coleta falhou;;;;
MP, EXMOP03;Montreal Protocol on Substances that Deplete the Ozone Layer;Ozônio;2016-07;Viena;Vienna, Austria;Main regular party meetings (COP, MOP, etc);;;Sim;Não;Coleta falhou;;;;
MP, MOP01;Montreal Protocol on Substances that Deplete the Ozone Layer;Ozônio;1989-05;Helsinki;Helsinki, Finland;Main regular party meetings (COP, MOP, etc);UNEP/OzL.Pro.1;;Sim;Não;Coleta falhou;;;;
MP, MOP02;Montreal Protocol on Substances that Deplete the Ozone Layer;Ozônio;1990-06;Londres;London, United Kingdom;Main regular party meetings (COP, MOP, etc);UNEP/OzL.Pro.2;UNEP/Ozone;Sim;Sim;Brasil;Doc;Sim;Col país, col parts + contato.;
MP, MOP03;Montreal Protocol on Substances that Deplete the Ozone Layer;Ozônio;1991-06;Nairobi;Nairobi, Kenya;Main regular party meetings (COP, MOP, etc);UNEP/OzL.Pro.3;UNEP/Ozone;Sim;Sim;Brasil;Doc;Sim;Col país, col parts + contato.;
MP, MOP04;Montreal Protocol on Substances that Deplete the Ozone Layer;Ozônio;1992-11;Copenhagen;Copenhagen, Denmark;Main regular party meetings (COP, MOP, etc);UNEP/OzL.Pro.4;UNEP/Ozone;Sim;Sim;Brasil;Doc;Sim;Col país, col parts + contato.;
MP, MOP05;Montreal Protocol on Substances that Deplete the Ozone Layer;Ozônio;1993-11;Bangkok;Bangkok, Thailand;Main regular party meetings (COP, MOP, etc);UNEP/OzL.Pro.5;UNEP/Ozone;Sim;Sim;Brasil;Doc;Sim;Col país, col parts + contato.;
MP, MOP06;Montreal Protocol on Substances that Deplete the Ozone Layer;Ozônio;1994-10;Nairobi;Nairobi, Kenya;Main regular party meetings (COP, MOP, etc);UNEP/OzL.Pro.6;UNEP/Ozone;Sim;Sim;Brasil;Doc;Sim;Col país, col parts + contato.;
MP, MOP07;Montreal Protocol on Substances that Deplete the Ozone Layer;Ozônio;1995-12;Viena;Vienna, Austria;Main regular party meetings (COP, MOP, etc);UNEP/OzL.Pro.7;UNEP/Ozone;Sim;Sim;Brasil;Doc;Sim;Duas colunas, contatos;
MP, MOP08;Montreal Protocol on Substances that Deplete the Ozone Layer;Ozônio;1996-11;San Jose;San José, Costa Rica;Main regular party meetings (COP, MOP, etc);UNEP/OzL.Pro.8;UNEP/Ozone;Sim;Sim;Brasil;Doc;Sim;Duas colunas, contatos;
MP, MOP09;Montreal Protocol on Substances that Deplete the Ozone Layer;Ozônio;1997-09;Montreal;Montreal, Canada;Main regular party meetings (COP, MOP, etc);UNEP/OzL.Pro.9;UNEP/Ozone. O arquivo foi baixado, mas não veio o texto.;Sim;Não;Coleta falhou;;;;
MP, MOP10;Montreal Protocol on Substances that Deplete the Ozone Layer;Ozônio;1998-11;Cairo;Cairo, Egypt;Main regular party meetings (COP, MOP, etc);UNEP/OzL.Pro.10;UNEP/Ozone;Sim;Sim;Brasil;PDF;Sim;Quatro colunas, contatos;Sim
MP, MOP11;Montreal Protocol on Substances that Deplete the Ozone Layer;Ozônio;1999-11;Beijing;Beijing, China;Main regular party meetings (COP, MOP, etc);UNEP/OzL.Pro.11;;Sim;Não;Coleta falhou;;;;
MP, MOP12;Montreal Protocol on Substances that Deplete the Ozone Layer;Ozônio;2000-12;Ouagadougou;Ouagadougou, Burkina Faso;Main regular party meetings (COP, MOP, etc);UNEP/OzL.Pro.12;;Sim;Não;Coleta falhou;;;;
MP, MOP13;Montreal Protocol on Substances that Deplete the Ozone Layer;Ozônio;2001-10;Colombo;Colombo, Sri Lanka;Main regular party meetings (COP, MOP, etc);UNEP/OzL.Pro.13;;Sim;Não;Coleta falhou;;;;
MP, MOP14;Montreal Protocol on Substances that Deplete the Ozone Layer;Ozônio;2002-11;Roma;Rome, Italy;Main regular party meetings (COP, MOP, etc);UNEP/OzL.Pro.14;;Sim;Não;Coleta falhou;;;;
MP, MOP15;Montreal Protocol on Substances that Deplete the Ozone Layer;Ozônio;2003-11;Nairobi;Nairobi, Kenya;Main regular party meetings (COP, MOP, etc);UNEP/OzL.Pro.15;;Sim;Não;Coleta falhou;;;;
MP, MOP16;Montreal Protocol on Substances that Deplete the Ozone Layer;Ozônio;2004-11;Praga;Prague, Czechia;Main regular party meetings (COP, MOP, etc);UNEP/OzL.Pro.16;;Sim;Não;Coleta falhou;;;;
MP, MOP17 // VC, COP07;Montreal Protocol on Substances that Deplete the Ozone Layer;Ozônio;2005-12;Dakar;Dakar, Senegal;Main regular party meetings (COP, MOP, etc);;"COP7 e MOP17. ""Available on request"" https://unep.ch/ozone/Meeting_Documents/mop/17mop/index.shtml ";Sim;Não;Coleta falhou;;;;
MP, MOP17 // VC, COP7;Montreal Protocol on Substances that Deplete the Ozone Layer;Ozônio;2005-12;Dakar;Dakar, Senegal;Main regular party meetings (COP, MOP, etc);UNEP/OzL.Pro.17;"""Available on request""";Sim;Não;Coleta falhou;;;;
MP, MOP18;Montreal Protocol on Substances that Deplete the Ozone Layer;Ozônio;2006-10;Nova Delhi;New Delhi, India;Main regular party meetings (COP, MOP, etc);UNEP/OzL.Pro.18;"""Available on request""";Sim;Não;Coleta falhou;;;;
MP, MOP19;Montreal Protocol on Substances that Deplete the Ozone Layer;Ozônio;2007-09;Montreal;Montreal, Canada;Main regular party meetings (COP, MOP, etc);UNEP/OzL.Pro.19;;Sim;Não;Coleta falhou;;;;
MP, MOP20 // VC, COP08;Montreal Protocol on Substances that Deplete the Ozone Layer;Ozônio;2008-11;Doha;Doha, Qatar;Main regular party meetings (COP, MOP, etc);;"COP8 e MOP20. ""Available now"" https://unep.ch/ozone/Meeting_Documents/mop/20mop/index.shtml";Sim;Não;Coleta falhou;;;;
MP, MOP20 // VC, COP8;Montreal Protocol on Substances that Deplete the Ozone Layer;Ozônio;2008-11;Doha;Doha, Qatar;Main regular party meetings (COP, MOP, etc);UNEP/OzL.Pro.20;;Sim;Não;Coleta falhou;;;;
MP, MOP21;Montreal Protocol on Substances that Deplete the Ozone Layer;Ozônio;2009-11;Port Ghalib;Port Ghalib, Egypt;Main regular party meetings (COP, MOP, etc);UNEP/OzL.Pro.21;UNEP/Ozone;Sim;Sim;Brasil;PDF;Sim;Duas colunas;
MP, MOP22;Montreal Protocol on Substances that Deplete the Ozone Layer;Ozônio;2010-11;Bangkok;Bangkok, Thailand;Main regular party meetings (COP, MOP, etc);UNEP/OzL.Pro.22;;Sim;Não;Coleta falhou;;;;
MP, MOP23 // VC, COP09;Montreal Protocol on Substances that Deplete the Ozone Layer;Ozônio;2011-11;Bali;Bali, Indonesia;Main regular party meetings (COP, MOP, etc);;;Sim;Não;Coleta falhou;;;;
MP, MOP24;Montreal Protocol on Substances that Deplete the Ozone Layer;Ozônio;2012-11;Genebra;Geneva, Switzerland;Main regular party meetings (COP, MOP, etc);UNEP/OzL.Pro.24;;Sim;Não;Coleta falhou;;;;
MP, MOP25;Montreal Protocol on Substances that Deplete the Ozone Layer;Ozônio;2013-10;Bangkok;Bangkok, Thailand;Main regular party meetings (COP, MOP, etc);UNEP/OzL.Pro.25/INF/5;;Sim;Sim;Brasil;Doc;Sim;;
MP, MOP26 // VC, COP10;Montreal Protocol on Substances that Deplete the Ozone Layer;Ozônio;2014-11;Paris;Paris, France;Main regular party meetings (COP, MOP, etc);;;Sim;Não;Coleta falhou;;;;
MP, MOP27;Montreal Protocol on Substances that Deplete the Ozone Layer;Ozônio;2015-11;Dubai;Dubai, United Arab Emirates;Main regular party meetings (COP, MOP, etc);UNEP/OzL.Pro.27/INF/3a;;Sim;Não;Coleta falhou;;;;
MP, MOP28;Montreal Protocol on Substances that Deplete the Ozone Layer;Ozônio;2016-10;Kigali;Kigali, Rwanda;Main regular party meetings (COP, MOP, etc);UNEP/OzL.Pro.28;;Sim;Não;Coleta falhou;;;;
MP, MOP29 // VC, COP11;Montreal Protocol on Substances that Deplete the Ozone Layer;Ozônio;2017-11;Montreal;Montreal, Canada;Main regular party meetings (COP, MOP, etc);;Consegui baixar, mas PDF está travado com senha. UNEP/Ozone;Sim;Senha;;PDF;;;
MP, MOP30;Montreal Protocol on Substances that Deplete the Ozone Layer;Ozônio;2018-11;Quito;Quito, Ecuador;Main regular party meetings (COP, MOP, etc);UNEP/OzL.Pro.30;PDF travado com senha. Descobri que era 'mop30'. UNEP/Ozone;Sim;Sim;Brasil;PDF;Sim;"Duas colunas; contatos";
MP, MOP31;Montreal Protocol on Substances that Deplete the Ozone Layer;Ozônio;2019-11;Roma;Rome, Italy;Main regular party meetings (COP, MOP, etc);UNEP/OzL.Pro.31;Consegui baixar, mas PDF está travado com senha. UNEP/Ozone;Sim;Senha;;PDF;;;
POPS, CONF;Stockholm Convention on Persistent Organic Pollutants;Lixo tóxico e químicos;2001-05;Estocolmo;Stockholm, Sweden;Conference of plenipotentiaries;UNEP/POPS/CONF/INF/4/Rev.1;;Sim;Sim;Governos;DOC/PDF;Sim;"Duas colunas; contatos";
POPS, COP01;Stockholm Convention on Persistent Organic Pollutants;Lixo tóxico e químicos;2005-05;Punta del Este;Punta del Este, Uruguay;Main regular party meetings (COP, MOP, etc);UNEP/POPS/COP.1/INF/32/Rev.1;;Sim;Sim;EstParte;PDF;Sim;Duas colunas;
POPS, COP03;Stockholm Convention on Persistent Organic Pollutants;Lixo tóxico e químicos;2007-05;Dakar;Dakar, Senegal;Main regular party meetings (COP, MOP, etc);UNEP/POPS/COP.3/INF/34/Rev.1;;Sim;Sim;Brasil;PDF;Sim;Duas colunas;
POPS, COP04;Stockholm Convention on Persistent Organic Pollutants;Lixo tóxico e químicos;2009-05;Genebra;Geneva, Switzerland;Main regular party meetings (COP, MOP, etc);UNEP/POPS/COP.4/INF/34/Rev.1;;Sim;Sim;EstParte;DOC;Sim;Duas colunas;
POPS, COP05;Stockholm Convention on Persistent Organic Pollutants;Lixo tóxico e químicos;2011-04;Genebra;Geneva, Switzerland;Main regular party meetings (COP, MOP, etc);UNEP/POPS/COP.5/INF/51;;Sim;Sim;EstParte;PDF/DOC;Sim;Duas colunas;
POPS, INC01;Stockholm Convention on Persistent Organic Pollutants;Lixo tóxico e químicos;1998-06;Montreal;Montreal, Canada;Prep/Negotiation committees (pre-treaty);UNEP/POPS/INC.1/INF15;http://chm.pops.int;Sim;Sim;Brasil;HTML;Sim;;
POPS, INC03;Stockholm Convention on Persistent Organic Pollutants;Lixo tóxico e químicos;1999-09;Genebra;Geneva, Switzerland;Prep/Negotiation committees (pre-treaty);UNEP/POPS/INC.3/INF/17;http://chm.pops.int;Sim;Sim;Governos;PDF;Sim;Duas colunas;
POPS, INC04;Stockholm Convention on Persistent Organic Pollutants;Lixo tóxico e químicos;2000-03;Bonn;Bonn, Germany;Prep/Negotiation committees (pre-treaty);UNEP/POPS/INC.4/INF/11/Rev.1;http://chm.pops.int;Sim;Sim;Governos;DOC/PDF;Sim;Duas colunas;
POPS, INC05;Stockholm Convention on Persistent Organic Pollutants;Lixo tóxico e químicos;2000-12;Joanesburgo;Johannesburg, South Africa;Prep/Negotiation committees (pre-treaty);UNEP/POPS/INC.5/INF/11/Rev.1;http://chm.pops.int;Sim;Sim;Governos;PDF;Sim;"Duas colunas; contatos";
POPS, INC06;Stockholm Convention on Persistent Organic Pollutants;Lixo tóxico e químicos;2002-06;Genebra;Geneva, Switzerland;Prep/Negotiation committees (pre-treaty);UNEP/POPS/INC.6/INF/29/Rev.1;http://chm.pops.int;Sim;Sim;Governos;PDF/DOC;Sim;Duas colunas;
POPS, INC07;Stockholm Convention on Persistent Organic Pollutants;Lixo tóxico e químicos;2003-07;Genebra;Geneva, Switzerland;Prep/Negotiation committees (pre-treaty);UNEP/POPS/INC.7/INF/31;http://chm.pops.int;Sim;Sim;Governos;PDF;Sim;Duas colunas;
Rotterdam Convention, COP01;Rotterdam Convention on the Prior Informed Consent Procedure for Certain Hazardous Chemicals and Pesticides in International Trade;Lixo tóxico e químicos;2004-09;Genebra;Geneva, Switzerland;Main regular party meetings (COP, MOP, etc);UNEP/FAO/RC/COP.1;;Sim;Não;Coleta falhou;;;;
Rotterdam Convention, COP02;Rotterdam Convention on the Prior Informed Consent Procedure for Certain Hazardous Chemicals and Pesticides in International Trade;Lixo tóxico e químicos;2005-09;Roma;Rome, Italy;Main regular party meetings (COP, MOP, etc);UNEP/FAO/RC/COP.2;;Sim;Não;Coleta falhou;;;;
Rotterdam Convention, COP03;Rotterdam Convention on the Prior Informed Consent Procedure for Certain Hazardous Chemicals and Pesticides in International Trade;Lixo tóxico e químicos;2006-10;Genebra;Geneva, Switzerland;Main regular party meetings (COP, MOP, etc);UNEP/FAO/RC/COP.3;;Sim;Não;Coleta falhou;;;;
Rotterdam Convention, COP04;Rotterdam Convention on the Prior Informed Consent Procedure for Certain Hazardous Chemicals and Pesticides in International Trade;Lixo tóxico e químicos;2008-10;Roma;Rome, Italy;Main regular party meetings (COP, MOP, etc);UNEP/FAO/RC/COP.4/INF/18/Rev.1;;Sim;Sim;Brasil;PDF;Sim;Duas colunas;
Rotterdam Convention, COP05;Rotterdam Convention on the Prior Informed Consent Procedure for Certain Hazardous Chemicals and Pesticides in International Trade;Lixo tóxico e químicos;2011-06;Genebra;Geneva, Switzerland;Main regular party meetings (COP, MOP, etc);UNEP/FAO/RC/COP.5/INF/19;;Sim;Sim;EstParte;PDF/DOC;Sim;Duas colunas;
Stockholm Convention, COP02;Stockholm Convention on Persistent Organic Pollutants;Lixo tóxico e químicos;2006-05;Genebra;Geneva, Switzerland;Main regular party meetings (COP, MOP, etc);UNEP/POPS/COP.2/INF/26/Rev.2;;Sim;Não;Coleta falhou;;;;
UN Ocean Conference 2017;UN Ocean Conference;Oceano;2017-06;Nova Iorque;New York, United States of America;Conference of plenipotentiaries;;United Nations Conference to Support the Implementation of Sustainable Development Goal 14: Conserve and sustainably use the oceans, seas and marine resources for sustainable development;Não;;;;;;
UN Ocean Conference 2017, Prep Meeting;UN Ocean Conference;Oceano;2017-02;Nova Iorque;New York, United States of America;Prep/Negotiation committees (pre-treaty);;https://oceanconference.un.org;Não;;;;;;
UN Ocean Conference 2020, Prep Meeting;UN Ocean Conference;Oceano;2020-02;Nova Iorque;New York, United States of America;Prep/Negotiation committees (pre-treaty);;;Não;;;;;;
UNCED, Conf;UNCED;Grandes conferências ONU;1992-06;Rio de Janeiro;Rio de Janeiro, Brazil;Conference of plenipotentiaries;A/CONF.151/INF/2;A/CONF.151/INF/2 and Add.1-7 Provisional list of delegations https://digitallibrary.un.org/record/200876 ||| Coletei Brasil via LAI porque o arquivo falhou;Não;Sim;Brasil;DOC;Sim;LAI MRE;
UNCED, Prep Committee, 1;UNCED;Grandes conferências ONU;1990-08;Nairobi;Nairobi, Kenya;Prep/Negotiation committees (pre-treaty);A/CONF.151/PC;UN ODS;Não;Sim;Brasil;PDF;Sim;"Três colunas, tabela; girar";
UNCED, Prep Committee, 2;UNCED;Grandes conferências ONU;1991-04;Genebra;Geneva, Switzerland;Prep/Negotiation committees (pre-treaty);A/CONF.151/PC;UN ODS;Não;Sim;Brasil;PDF;Sim;"Três colunas, tabela; dois arquivos";
UNCED, Prep Committee, 3;UNCED;Grandes conferências ONU;1991-09;Genebra;Geneva, Switzerland;Prep/Negotiation committees (pre-treaty);A/CONF.151/PC;UN ODS;Não;Sim;Brasil;PDF;Sim;Três colunas, tabela;Sim
UNCED, Prep Committee, 4;UNCED;Grandes conferências ONU;1992-04;New York;New York, United States of America;Prep/Negotiation committees (pre-treaty);A/CONF.151/PC;UN ODS;Não;Sim;Brasil;PDF;Sim;Três colunas, tabela;
UNCHE, Conf;UNCHE;Grandes conferências ONU;1972-06;Estocolmo;Stockholm, Sweden;Conference of plenipotentiaries;A/CONF.48;UN ODS;Não;Sim;Brasil;PDF;Sim;Uma coluna;
UNCSD, Conf;UNCSSD;Grandes conferências ONU;2012-06;Rio de Janeiro;Rio de Janeiro, Brazil;Conference of plenipotentiaries;A/CONF.216;UN ODS;Não;Sim;Brasil;PDF;Sim;Uma coluna;
UNCSD, Prep Committee, 1;UNCSSD;Grandes conferências ONU;2010-05;New York;New York, United States of America;Prep/Negotiation committees (pre-treaty);A/CONF.216/PC;UN ODS;Não;Sim;Brasil;PDF;Sim;Quatro colunas (1 país);
UNCSD, Prep Committee, 2;UNCSSD;Grandes conferências ONU;2011-03;New York;New York, United States of America;Prep/Negotiation committees (pre-treaty);A/CONF.216/PC;UN ODS;Não;Sim;Brasil;PDF;Sim;Quatro colunas (1 país);
UNEA, 1;UN Environment Assembly;Governança ambiental;2014-06;Nairobi;Nairobi, Kenya;Main regular party meetings (COP, MOP, etc);UNEP/EA.1;https://environmentassembly.unenvironment.org/;Sim;Não;Coleta falhou;;;;
UNEA, 2;UN Environment Assembly;Governança ambiental;2016-05;Nairobi;Nairobi, Kenya;Main regular party meetings (COP, MOP, etc);UNEP/EA.2/INF/29;No report, diz que o código esq é a lista;Sim;Não;Coleta falhou;;;;
UNEA, 3;UN Environment Assembly;Governança ambiental;2017-12;Nairobi;Nairobi, Kenya;Main regular party meetings (COP, MOP, etc);UNEP/EA.3;"Link no report https://wedocs.unep.org/handle/20.500.11822/22767
a lista está meio desorganizada.";Sim;Sim;;PDF;Sim;Seis colunas. Mistura Estados e não;
UNEA, 4;UN Environment Assembly;Governança ambiental;2019-03;Nairobi;Nairobi, Kenya;Main regular party meetings (COP, MOP, etc);UNEP/EA.4;;Sim;Sim;Brasil;PDF;Sim;Uma coluna;
UNEP GC 01;UNEP Governing Council;Governança ambiental;1973-03;Nairobi;Nairobi, Kenya;Main regular party meetings (COP, MOP, etc);;Participação limitada aos membros do conselho da UNEP;Sim;Não;Coleta falhou;;;;
UNEP GC 02;UNEP Governing Council;Governança ambiental;1974-03;Nairobi;Nairobi, Kenya;Main regular party meetings (COP, MOP, etc);;;Sim;Não;Coleta falhou;;;;
UNEP GC 03;UNEP Governing Council;Governança ambiental;1975-05;Nairobi;Nairobi, Kenya;Main regular party meetings (COP, MOP, etc);;;Sim;Não;Coleta falhou;;;;
UNEP GC 04;UNEP Governing Council;Governança ambiental;1976-04;Nairobi;Nairobi, Kenya;Main regular party meetings (COP, MOP, etc);;;Sim;Não;Coleta falhou;;;;
UNEP GC 05;UNEP Governing Council;Governança ambiental;1977-05;Nairobi;Nairobi, Kenya;Main regular party meetings (COP, MOP, etc);;;Sim;Não;Coleta falhou;;;;
UNEP GC 06;UNEP Governing Council;Governança ambiental;1978-05;Nairobi;Nairobi, Kenya;Main regular party meetings (COP, MOP, etc);;;Sim;Não;Coleta falhou;;;;
UNEP GC 07;UNEP Governing Council;Governança ambiental;1979-05;Nairobi;Nairobi, Kenya;Main regular party meetings (COP, MOP, etc);;;Sim;Sim;Brasil;PDF;Sim;;
UNEP GC 08;UNEP Governing Council;Governança ambiental;1980-04;Nairobi;Nairobi, Kenya;Main regular party meetings (COP, MOP, etc);UNEP/GC/8/INF.5;;Sim;Sim;Brasil;PDF;Sim;;Sim
UNEP GC 09;UNEP Governing Council;Governança ambiental;1981-05;Nairobi;Nairobi, Kenya;Main regular party meetings (COP, MOP, etc);;;Sim;Não;Coleta falhou;;;;
UNEP GC 10;UNEP Governing Council;Governança ambiental;1982-05;Nairobi;Nairobi, Kenya;Main regular party meetings (COP, MOP, etc);;;Sim;Não;Coleta falhou;;;;
UNEP GC 11;UNEP Governing Council;Governança ambiental;1983-05;Nairobi;Nairobi, Kenya;Main regular party meetings (COP, MOP, etc);;;Sim;Não;Coleta falhou;;;;
UNEP GC 12;UNEP Governing Council;Governança ambiental;1984-05;Nairobi;Nairobi, Kenya;Main regular party meetings (COP, MOP, etc);;;Sim;Não;Coleta falhou;;;;
UNEP GC 13;UNEP Governing Council;Governança ambiental;1985-05;Nairobi;Nairobi, Kenya;Main regular party meetings (COP, MOP, etc);;;Sim;Não;Coleta falhou;;;;
UNEP GC 14;UNEP Governing Council;Governança ambiental;1987-06;Nairobi;Nairobi, Kenya;Main regular party meetings (COP, MOP, etc);;;Sim;Não;Coleta falhou;;;;
UNEP GC 15;UNEP Governing Council;Governança ambiental;1989-05;Nairobi;Nairobi, Kenya;Main regular party meetings (COP, MOP, etc);;;Sim;Não;Coleta falhou;;;;
UNEP GC 16;UNEP Governing Council;Governança ambiental;1991-05;Nairobi;Nairobi, Kenya;Main regular party meetings (COP, MOP, etc);UNEP/GC.16/Inf.8   ;;Sim;Não;Coleta falhou;;;;
UNEP GC 17;UNEP Governing Council;Governança ambiental;1993-05;Nairobi;Nairobi, Kenya;Main regular party meetings (COP, MOP, etc);;;Sim;Não;Coleta falhou;;;;
UNEP GC 18;UNEP Governing Council;Governança ambiental;1995-05;Nairobi;Nairobi, Kenya;Main regular party meetings (COP, MOP, etc);;;Sim;Não;Coleta falhou;;;;
UNEP GC 19;UNEP Governing Council;Governança ambiental;1997-02;Nairobi;Nairobi, Kenya;Main regular party meetings (COP, MOP, etc);;;Sim;Não;Coleta falhou;;;;
UNEP GC 20;UNEP Governing Council;Governança ambiental;1999-02;Nairobi;Nairobi, Kenya;Main regular party meetings (COP, MOP, etc);;;Sim;Não;Coleta falhou;;;;
UNEP GC 21  / GMEF;Global Ministerial Environmental Forum / UNEP Governing Council;Governança ambiental;2001-02;Nairobi;Nairobi, Kenya;Main regular party meetings (COP, MOP, etc);;;Sim;Não;Coleta falhou;;;;
UNEP GC 22 / GMEF;Global Ministerial Environmental Forum / UNEP Governing Council;Governança ambiental;2003-02;Nairobi;Nairobi, Kenya;Main regular party meetings (COP, MOP, etc);;;Sim;Não;Coleta falhou;;;;
UNEP GC 23 / GMEF;Global Ministerial Environmental Forum / UNEP Governing Council;Governança ambiental;2005-02;Nairobi;Nairobi, Kenya;Main regular party meetings (COP, MOP, etc);UNEP/GC.23/INF/31;;Sim;Não;Coleta falhou;;;;
UNEP GC 24 / GMEF;Global Ministerial Environmental Forum / UNEP Governing Council;Governança ambiental;2007-02;Nairobi;Nairobi, Kenya;Main regular party meetings (COP, MOP, etc);;;Sim;Não;Coleta falhou;;;;
UNEP GC 25 / GMEF;Global Ministerial Environmental Forum / UNEP Governing Council;Governança ambiental;2009-02;Nairobi;Nairobi, Kenya;Main regular party meetings (COP, MOP, etc);UNEP/GC.25/INF/36;;Sim;Não;Coleta falhou;;;;
UNEP GC 26 / GMEF;Global Ministerial Environmental Forum / UNEP Governing Council;Governança ambiental;2011-02;Nairobi;Nairobi, Kenya;Main regular party meetings (COP, MOP, etc); UNEP/GC.26/INF/24;;Sim;Não;Coleta falhou;;;;
UNEP GCSS, 02;UNEP Governing Council;Governança ambiental;1990-08;Nairobi;Nairobi, Kenya;Main regular party meetings (COP, MOP, etc);;;Sim;Não;Coleta falhou;;;;
UNEP GCSS, 03;UNEP Governing Council;Governança ambiental;1992-02;Nairobi;Nairobi, Kenya;Main regular party meetings (COP, MOP, etc);;;Sim;Não;Coleta falhou;;;;
UNEP GCSS, 04;UNEP Governing Council;Governança ambiental;1994-06;Nairobi;Nairobi, Kenya;Main regular party meetings (COP, MOP, etc);;;Sim;Não;Coleta falhou;;;;
UNEP GCSS, 05;UNEP Governing Council;Governança ambiental;1998-05;Nairobi;Nairobi, Kenya;Main regular party meetings (COP, MOP, etc);;;Sim;Não;Coleta falhou;;;;
UNEP GCSS, 06;UNEP Governing Council;Governança ambiental;2000-05;Malmö;Malmö, Sweden;Main regular party meetings (COP, MOP, etc);;;Sim;Não;Coleta falhou;;;;
UNEP GCSS, 07;Global Ministerial Environmental Forum / UNEP Governing Council;Governança ambiental;2002-02;Cartagena;Cartagena, Colombia;Main regular party meetings (COP, MOP, etc);UNEP/GCSS.VII/INF/11/Rev.1;;Sim;Não;Coleta falhou;;;;
UNEP GCSS, 08;Global Ministerial Environmental Forum / UNEP Governing Council;Governança ambiental;2004-03;Jeju (Korea);Jeju, South Korea;Main regular party meetings (COP, MOP, etc);UNEP/GCSS.VIII/INF/8;;Sim;Não;Coleta falhou;;;;
UNEP GCSS, 09;Global Ministerial Environmental Forum / UNEP Governing Council;Governança ambiental;2006-02;Dubai;Dubai, United Arab Emirates;Main regular party meetings (COP, MOP, etc);UNEP/GCSS.IX/INF/16/Rev.1;;Sim;Não;Coleta falhou;;;;
UNEP GCSS, 10;Global Ministerial Environmental Forum / UNEP Governing Council;Governança ambiental;2008-02;Monaco;Monaco;Main regular party meetings (COP, MOP, etc);;;Sim;Não;Coleta falhou;;;;
UNEP GCSS, 11;Global Ministerial Environmental Forum / UNEP Governing Council;Governança ambiental;2010-02;Bali;Bali, Indonesia;Main regular party meetings (COP, MOP, etc);UNEP/GCSS.XI/INF/12;;Sim;Não;Coleta falhou;;;;
UNEP GCSS, 12;Global Ministerial Environmental Forum / UNEP Governing Council;Governança ambiental;2012-02;Nairobi;Nairobi, Kenya;Main regular party meetings (COP, MOP, etc);UNEP/GCSS.XII/INF/11;Special Session;Sim;Não;Coleta falhou;;;;
UNEP GCSS.I;UNEP Governing Council;Governança ambiental;1988-03;Nairobi;Nairobi, Kenya;Main regular party meetings (COP, MOP, etc);;;Sim;Sim;Brasil;PDF;Sim;;
UNEP Universal GC, 1 / GMEF;Global Ministerial Environmental Forum / UNEP Governing Council;Governança ambiental;2013-02;Nairobi;Nairobi, Kenya;Main regular party meetings (COP, MOP, etc);UNEP/GC.27/INF/22;;Sim;Não;Coleta falhou;;;;
UNESCO WC, EXGA01;UNESCO World Heritage Convention;Biodiversidade - UNESCO;2014-11;Paris;Paris, France;Main regular party meetings (COP, MOP, etc);WHC.14/1EXT.GA;;Sim;Não;Coleta falhou;;;;
UNESCO WC, GA01;UNESCO World Heritage Convention;Biodiversidade - UNESCO;1976-11;Nairobi;Nairobi, Kenya;Main regular party meetings (COP, MOP, etc);;Brasil não participou;Sim;Sim;Brasil;PDF;Sim;;
UNESCO WC, GA02;UNESCO World Heritage Convention;Biodiversidade - UNESCO;1978-11;Paris;Paris, France;Main regular party meetings (COP, MOP, etc);;;Sim;Sim;Brasil;PDF;Sim;;
UNESCO WC, GA03;UNESCO World Heritage Convention;Biodiversidade - UNESCO;1980-10;Belgrado;Belgrade, Serbia;Main regular party meetings (COP, MOP, etc);;;Sim;Sim;Brasil;PDF;Sim;;
UNESCO WC, GA04;UNESCO World Heritage Convention;Biodiversidade - UNESCO;1983-10;Paris;Paris, France;Main regular party meetings (COP, MOP, etc);CLT-83/CONF.022/6;;Sim;Sim;Brasil;PDF;Sim;;
UNESCO WC, GA05;UNESCO World Heritage Convention;Biodiversidade - UNESCO;1985-11;Sofia;Sofia, Bulgaria;Main regular party meetings (COP, MOP, etc);CLT-85/CONF.009/5;;Sim;Sim;Brasil;PDF;Sim;;
UNESCO WC, GA06;UNESCO World Heritage Convention;Biodiversidade - UNESCO;1987-10;Paris;Paris, France;Main regular party meetings (COP, MOP, etc);CC-87/CONF.013/6;;Sim;Sim;Brasil;PDF;Sim;;
UNESCO WC, GA07;UNESCO World Heritage Convention;Biodiversidade - UNESCO;1989-11;Paris;Paris, France;Main regular party meetings (COP, MOP, etc);CC-89/CONF.013/6;;Sim;Sim;Brasil;PDF;Sim;;
UNESCO WC, GA08;UNESCO World Heritage Convention;Biodiversidade - UNESCO;1991-11;Paris;Paris, France;Main regular party meetings (COP, MOP, etc);CLT-91/CONF.013/6;;Sim;Sim;Brasil;PDF;Sim;;
UNESCO WC, GA09;UNESCO World Heritage Convention;Biodiversidade - UNESCO;1993-10;Paris;Paris, France;Main regular party meetings (COP, MOP, etc);WHC-93/CONF.003/6;;Sim;Não;Coleta falhou;;;;
UNESCO WC, GA10;UNESCO World Heritage Convention;Biodiversidade - UNESCO;1995-11;Paris;Paris, France;Main regular party meetings (COP, MOP, etc);WHC-95/CONF.204/8;;Sim;Não;Coleta falhou;;;;
UNESCO WC, GA11;UNESCO World Heritage Convention;Biodiversidade - UNESCO;1997-10;Paris;Paris, France;Main regular party meetings (COP, MOP, etc);WHC-97/CONF.005/7;;Sim;Não;Coleta falhou;;;;
UNESCO WC, GA12;UNESCO World Heritage Convention;Biodiversidade - UNESCO;1999-10;Paris;Paris, France;Main regular party meetings (COP, MOP, etc);;;Sim;Não;Coleta falhou;;;;
UNESCO WC, GA13;UNESCO World Heritage Convention;Biodiversidade - UNESCO;2001-11;Paris;Paris, France;Main regular party meetings (COP, MOP, etc);WHC.01 /CONF.206 ;;Sim;Não;Coleta falhou;;;;
UNESCO WC, GA14;UNESCO World Heritage Convention;Biodiversidade - UNESCO;2003-10;Paris;Paris, France;Main regular party meetings (COP, MOP, etc);WHC-03/14.GA;;Sim;Não;Coleta falhou;;;;
UNESCO WC, GA15;UNESCO World Heritage Convention;Biodiversidade - UNESCO;2005-10;Paris;Paris, France;Main regular party meetings (COP, MOP, etc);WHC-05/15.GA;;Sim;Não;Coleta falhou;;;;
UNESCO WC, GA16;UNESCO World Heritage Convention;Biodiversidade - UNESCO;2007-10;Paris;Paris, France;Main regular party meetings (COP, MOP, etc);WHC-07/16.GA;;Sim;Não;Coleta falhou;;;;
UNESCO WC, GA17;UNESCO World Heritage Convention;Biodiversidade - UNESCO;2009-10;Paris;Paris, France;Main regular party meetings (COP, MOP, etc);WHC-09/17.GA/;;Sim;Não;Coleta falhou;;;;
UNESCO WC, GA18;UNESCO World Heritage Convention;Biodiversidade - UNESCO;2011-11;Paris;Paris, France;Main regular party meetings (COP, MOP, etc);WHC-11/18.GA;;Sim;Não;Coleta falhou;;;;
UNESCO WC, GA19;UNESCO World Heritage Convention;Biodiversidade - UNESCO;2013-11;Paris;Paris, France;Main regular party meetings (COP, MOP, etc);WHC-13/19.GA;;Sim;Não;Coleta falhou;;;;
UNESCO WC, GA20;UNESCO World Heritage Convention;Biodiversidade - UNESCO;2015-11;Paris;Paris, France;Main regular party meetings (COP, MOP, etc);WHC-15/20.GA/ ;;Sim;Sim;Brasil;;;;
UNESCO WC, GA21;UNESCO World Heritage Convention;Biodiversidade - UNESCO;2017-11;Paris;Paris, France;Main regular party meetings (COP, MOP, etc);WHC/17/21.GA/;Brasil não participou. Raspado do site: https://whc.unesco.org/en/sessions/21GA/participants/;Sim;Sim;Governos;HTML;Sim;;
UNESCO WC, GA22;UNESCO World Heritage Convention;Biodiversidade - UNESCO;2019-11;Paris;Paris, France;Main regular party meetings (COP, MOP, etc);WHC/19/22.GA/;;Sim;Não;Coleta falhou;;;;
UNESCO WC, GA23;UNESCO World Heritage Convention;Biodiversidade - UNESCO;2021;Paris;Paris, France;Main regular party meetings (COP, MOP, etc);;;Sim;;;;;;
UNFCCC, COP01;UNFCCC;Clima;1995-04;Berlim;Berlin, Germany;Main regular party meetings (COP, MOP, etc);FCCC/1995;;Sim;Sim;Brasil;PDF;Não;"2 colunas; pág ímpar e par diferentes; desc inclui contatos";Não
UNFCCC, COP02;UNFCCC;Clima;1996-07;Genebra;Geneva, Switzerland;Main regular party meetings (COP, MOP, etc);FCCC/CP/1996;;Sim;Sim;Brasil;PDF;Não;"2 colunas; páginas tortas";Não
UNFCCC, COP03;UNFCCC;Clima;1997-12;Kyoto;Kyoto, Japan;Main regular party meetings (COP, MOP, etc);FCCC/CP/1997;Só partes;Sim;Sim;EstParte;PDF;Não;"2 colunas; páginas tortas";Não
UNFCCC, COP04;UNFCCC;Clima;1998-11;Buenos Aires;Buenos Aires, Argentina;Main regular party meetings (COP, MOP, etc);FCCC/CP/1998;;Sim;Sim;EstParte;PDF;Sim;"2 colunas; lista separada partes e observadores";Não
UNFCCC, COP05;UNFCCC;Clima;1999-11;Bonn;Bonn, Germany;Main regular party meetings (COP, MOP, etc);FCCC/CP/1999;;Sim;Sim;EstParte;PDF;Sim;"1 coluna; corrigendum para 3 delegs (esses em 2 colunas)";Sim
UNFCCC, COP06;UNFCCC;Clima;2000-11;Haia;The Hague, Netherlands;Main regular party meetings (COP, MOP, etc);FCCC/CP/2000;Só partes;Sim;Sim;EstParte;PDF;Sim;2 colunas;Não
UNFCCC, COP06-2;UNFCCC;Clima;2001-07;Bonn;Bonn, Germany;Main regular party meetings (COP, MOP, etc);FCCC/CP/2001/Inf.2;;Sim;Sim;Brasil;PDF;Sim;"2 colunas; país sem caps";Sim
UNFCCC, COP07;UNFCCC;Clima;2001-11;Marrakesh;Marrakesh, Morocco;Main regular party meetings (COP, MOP, etc);FCCC/CP/2001;;Sim;Sim;Brasil;PDF;Sim;"3 colunas; país sem caps";Não
UNFCCC, COP08;UNFCCC;Clima;2002-11;Nova Delhi;New Delhi, India;Main regular party meetings (COP, MOP, etc);FCCC/CP/2002;;Sim;Sim;Brasil;PDF;Sim;"3 colunas; país sem caps";Não
UNFCCC, COP09;UNFCCC;Clima;2003-12;Milão;Milan, Italy;Main regular party meetings (COP, MOP, etc);FCCC/CP/2003;;Sim;Sim;Brasil;PDF;Sim;"3 colunas; país sem caps";Não
UNFCCC, COP10;UNFCCC;Clima;2004-12;Buenos Aires;Buenos Aires, Argentina;Main regular party meetings (COP, MOP, etc);FCCC/CP/2004;;Sim;Sim;Brasil;PDF;Sim;"3 colunas; país sem caps";Sim
UNFCCC, COP11;UNFCCC;Clima;2005-12;Montreal;Montreal, Canada;Main regular party meetings (COP, MOP, etc);FCCC/CP/2005;;Sim;Sim;Brasil;PDF;Sim;"3 colunas; duas partes (separado ONGs); padrão sem caps";Não
UNFCCC, COP12;UNFCCC;Clima;2006-11;Nairobi;Nairobi, Kenya;Main regular party meetings (COP, MOP, etc);FCCC/CP/2006;;Sim;Sim;Brasil;PDF;Sim;"3 colunas; padrão sem caps; corrigendum uma coluna";Sim
UNFCCC, COP13;UNFCCC;Clima;2007-12;Bali;Bali, Indonesia;Main regular party meetings (COP, MOP, etc);FCCC/CP/2007;;Sim;Sim;Brasil;PDF;Sim;"3 colunas; páginas espelhadas; duas partes (separado ONGs)";Não
UNFCCC, COP14;UNFCCC;Clima;2008-12;Poznan;Poznań, Poland;Main regular party meetings (COP, MOP, etc);FCCC/CP/2008;;Sim;Sim;Brasil;PDF;Sim;"3 colunas; páginas espelhadas; duas partes (separado ONGs)";Não
UNFCCC, COP15;UNFCCC;Clima;2009-12;Copenhagen;Copenhagen, Denmark;Main regular party meetings (COP, MOP, etc);FCCC/CP/2009;;Sim;Sim;Brasil;PDF;Sim;"3 colunas; páginas espelhadas (só parte 1); três partes (1 e 2 são países)";Não
UNFCCC, COP16;UNFCCC;Clima;2010-12;Cancun;Cancun, Mexico;Main regular party meetings (COP, MOP, etc);FCCC/CP/2010;;Sim;Sim;Brasil;PDF;Sim;"3 colunas; três partes";Não
UNFCCC, COP17;UNFCCC;Clima;2011-12;Durban;Durban, South Africa;Main regular party meetings (COP, MOP, etc);FCCC/CP/2011;;Sim;Sim;Brasil;PDF;Sim;"3 colunas; três partes";Não
UNFCCC, COP18;UNFCCC;Clima;2012-12;Doha;Doha, Qatar;Main regular party meetings (COP, MOP, etc);FCCC/CP/2012;;Sim;Sim;Brasil;PDF;Sim;"3 colunas; corrigendum com duas";Sim
UNFCCC, COP19;UNFCCC;Clima;2013-11;Varsóvia;Warsaw, Poland;Main regular party meetings (COP, MOP, etc);FCCC/CP/2013;;Sim;Sim;Brasil;PDF;Sim;3 colunas;Não
UNFCCC, COP20;UNFCCC;Clima;2014-12;Lima;Lima, Peru;Main regular party meetings (COP, MOP, etc);FCCC/CP/2014;;Sim;Sim;Brasil;PDF;Sim;3 colunas;Não
UNFCCC, COP21;UNFCCC;Clima;2015-12;Paris;Paris, France;Main regular party meetings (COP, MOP, etc);FCCC/CP/2015;;Sim;Sim;Brasil;PDF;Sim;"3 colunas; três partes";Não
UNFCCC, COP22;UNFCCC;Clima;2016-11;Marrakesh;Marrakesh, Morocco;Main regular party meetings (COP, MOP, etc);FCCC/CP/2016;;Sim;Sim;Brasil;PDF;Sim;"3 colunas; três partes; corrigendum duas col";Sim
UNFCCC, COP23;UNFCCC;Clima;2017-11;Bonn;Bonn, Germany;Main regular party meetings (COP, MOP, etc);FCCC/CP/2017;;Sim;Sim;Brasil;PDF;Sim;"3 colunas; corrigendum com duas";Sim
UNFCCC, COP24;UNFCCC;Clima;2018-12;Katowice;Katowice, Poland;Main regular party meetings (COP, MOP, etc);FCCC/CP/2018;;Sim;Sim;Brasil;PDF;Sim;3 colunas;Não
UNFCCC, COP25;UNFCCC;Clima;2019-12;Madri;Madrid, Spain;Main regular party meetings (COP, MOP, etc);FCCC/CP/2019;;Sim;Sim;Brasil;PDF;Sim;3 colunas;Não
UNFF, 01;United Nations Forum on Forests;Florestas;2001-06;Nova Iorque;New York, United States of America;Main regular party meetings (COP, MOP, etc);E/2001/42/Rev.1 E/CN.18/2001/;Órgão subsidiário do Ecosoc, criado pela Resolução 2000/35;Não;Não;Coleta falhou;;;;
UNFF, 02;United Nations Forum on Forests;Florestas;2002-03;Nova Iorque;New York, United States of America;Main regular party meetings (COP, MOP, etc);E/2002/42 E/CN.18/2002/14;(Código é o relatório, mas não tem part list, só países participantes);Não;Não;Coleta falhou;;;;
UNFF, 03;United Nations Forum on Forests;Florestas;2003-06;Genebra;Geneva, Switzerland;Main regular party meetings (COP, MOP, etc);;;Não;Não;Coleta falhou;;;;
UNFF, 04;United Nations Forum on Forests;Florestas;2004-05;Genebra;Geneva, Switzerland;Main regular party meetings (COP, MOP, etc);E/CN.18/2004/INF.2;;Não;Sim;Brasil;PDF;Sim;4 colunas (1 país), tabela;
UNFF, 05;United Nations Forum on Forests;Florestas;2005-05;New York;New York, United States of America;Main regular party meetings (COP, MOP, etc);E/CN.18/2005/INF/2;Delegação do Brasil aparece vazia na lista;Não;Sim;Brasil;PDF;Sim;4 colunas (1 país), tabela;
UNFF, 06;United Nations Forum on Forests;Florestas;2006-05;New York;New York, United States of America;Main regular party meetings (COP, MOP, etc);E/CN.18/2006/INF/1;Delegação do Brasil aparece vazia na lista;Não;Sim;Brasil;PDF;Sim;4 colunas (1 país), tabela;
UNFF, 07;United Nations Forum on Forests;Florestas;2007-05;New York;New York, United States of America;Main regular party meetings (COP, MOP, etc);E/CN.18/2007/INF/1;;Não;Sim;Brasil;PDF;Sim;4 colunas (1 país), tabela;Sim
UNFF, 08;United Nations Forum on Forests;Florestas;2009-05;New York;New York, United States of America;Main regular party meetings (COP, MOP, etc);E/CN.18/2009/INF/1;;Não;Sim;Brasil;PDF;Sim;4 colunas (1 país), tabela;
UNFF, 09;United Nations Forum on Forests;Florestas;2011-02;Nova Iorque;New York, United States of America;Main regular party meetings (COP, MOP, etc);E/CN.18/2011/INF/1;;Não;Sim;Brasil;PDF;Sim;4 colunas (1 país), tabela;
UNFF, 09 Special;United Nations Forum on Forests;Florestas;2009-10;Nova Iorque;New York, United States of America;Main regular party meetings (COP, MOP, etc);;;Não;Não;Coleta falhou;;;;
UNFF, 10;United Nations Forum on Forests;Florestas;2013-04;Istambul;Istambul, Turkey;Main regular party meetings (COP, MOP, etc);E/CN.18/2013/INF/2;;Não;Sim;Brasil;PDF;Sim;4 colunas (1 país), tabela;
UNFF, 11;United Nations Forum on Forests;Florestas;2015-05;Nova Iorque;New York, United States of America;Main regular party meetings (COP, MOP, etc);E/CN.18/2015/INF/1;;Não;Sim;Brasil;PDF;Sim;4 colunas (1 país), tabela;
UNFF, 12;United Nations Forum on Forests;Florestas;2017-05;Nova Iorque;New York, United States of America;Main regular party meetings (COP, MOP, etc);E/CN.18/2017/INF/1;;Não;Sim;Brasil;PDF;Sim;4 colunas (1 país), tabela;
UNFF, 13;United Nations Forum on Forests;Florestas;2018-05;Nova Iorque;New York, United States of America;Main regular party meetings (COP, MOP, etc);E/CN.18/2018/INF/1;;Não;Sim;Brasil;PDF;Sim;4 colunas (1 país), tabela;
UNFF, 14;United Nations Forum on Forests;Florestas;2019-05;Nova Iorque;New York, United States of America;Main regular party meetings (COP, MOP, etc);E/CN.18/2019/INF/1;;Não;Sim;Brasil;PDF;Sim;4 colunas (1 país), tabela;
UNFF, Organizational Session;United Nations Forum on Forests;Florestas;2001-02;Nova Iorque;New York, United States of America;Prep/Negotiation committees (pre-treaty);E/2001/42/Rev.1 E/CN.18/2001/;(Código é o relatório, mas não tem part list, só países participantes);Não;Não;Coleta falhou;;;;
UNFF, Special;United Nations Forum on Forests;Florestas;2017-01;New York;New York, United States of America;Main regular party meetings (COP, MOP, etc);E/CN.18/SS/2017/2;(Código é o relatório, mas não tem part list, só países participantes);Não;Não;Coleta falhou;;;;
VC, Conf;Vienna Convention for the Protection of the Ozone Layer;Ozônio;1985-03;Viena;Vienna, Austria;Conference of plenipotentiaries;UNEP(092)/Y4;https://ozone.unep.org/meetings ;Sim;Não;Coleta falhou;;;;
VC, COP01;Vienna Convention for the Protection of the Ozone Layer;Ozônio;1989-04;Helsinki;Helsinki, Finland;Main regular party meetings (COP, MOP, etc);UNEP/OzL.Conv;https://unep.ch/ozone/Meeting_Documents/index.shtml;Sim;Sim;Brasil;Doc;Sim;Col país, col parts + contato. Duas listas, acho que a segunda é a mais atualizada;
VC, COP02;Vienna Convention for the Protection of the Ozone Layer;Ozônio;1991-06;Nairobi;Nairobi, Kenya;Main regular party meetings (COP, MOP, etc);UNEP/OzL.Conv;UNEP/Ozone;Sim;Sim;Brasil;Doc;Sim;Col país, col parts + contato.;
VC, COP03;Vienna Convention for the Protection of the Ozone Layer;Ozônio;1993-11;Bangkok;Bangkok, Thailand;Main regular party meetings (COP, MOP, etc);UNEP/OzL.Conv;UNEP/Ozone;Sim;Sim;Brasil;Doc;Sim;Col país, col parts + contato.;
VC, COP04;Vienna Convention for the Protection of the Ozone Layer;Ozônio;1996-11;San Jose;San José, Costa Rica;Main regular party meetings (COP, MOP, etc);UNEP/OzL.Conv;Checar report;Sim;Não;Coleta falhou;;;;
VC, COP05;Vienna Convention for the Protection of the Ozone Layer;Ozônio;1999-11;Beijing;Beijing, China;Main regular party meetings (COP, MOP, etc);UNEP/OzL.Conv;UNEP/Ozone;Sim;Sim;Brasil;Doc;Sim;Duas colunas;
VC, COP06;Vienna Convention for the Protection of the Ozone Layer;Ozônio;2002-11;Roma;Rome, Italy;Main regular party meetings (COP, MOP, etc);UNEP/OzL.Conv;;Sim;Não;Coleta falhou;;;;
VC, COP07 // MP, MOP 17;Vienna Convention for the Protection of the Ozone Layer;Ozônio;2005-12;Dakar;Dakar, Senegal;Main regular party meetings (COP, MOP, etc);;"COP7 e MOP17. ""Available on request"" https://unep.ch/ozone/Meeting_Documents/mop/17mop/index.shtml ";Sim;Não;Coleta falhou;;;;
VC, COP08 // MP, MOP 20;Vienna Convention for the Protection of the Ozone Layer;Ozônio;2008-11;Doha;Doha, Qatar;Main regular party meetings (COP, MOP, etc);;"COP8 e MOP20. ""Available now"" https://unep.ch/ozone/Meeting_Documents/mop/20mop/index.shtml";Sim;Não;Coleta falhou;;;;
VC, COP09 // MP, MOP 23;Vienna Convention for the Protection of the Ozone Layer;Ozônio;2011-11;Bali;Bali, Indonesia;Main regular party meetings (COP, MOP, etc);;;Sim;Não;Coleta falhou;;;;
VC, COP10 // MP, MOP 26;Vienna Convention for the Protection of the Ozone Layer;Ozônio;2014-11;Paris;Paris, France;Main regular party meetings (COP, MOP, etc);;;Sim;Não;Coleta falhou;;;;
VC, COP11 // MP, MOP 29;Vienna Convention for the Protection of the Ozone Layer;Ozônio;2017-11;Montreal;Montreal, Canada;Main regular party meetings (COP, MOP, etc);;Consegui baixar, mas PDF está travado com senha. UNEP/Ozone;Sim;Senha;;;;;
WSSD, Conf;WSSD;Grandes conferências ONU;2002-09;Joanesburgo;Johannesburg, South Africa;Conference of plenipotentiaries;A/CONF.199/INF/2;;Não;Sim;Brasil;Doc;Sim;LAI MRE;
WSSD, Prep Committee, 3;WSSD;Grandes conferências ONU;2002-04;New York;New York, United States of America;Prep/Negotiation committees (pre-treaty);A/CONF.199/PC;UN ODS;Não;Sim;Brasil;PDF;Não;Tabela, quatro colunas (1 país);
UNFCCC, INC01;UNFCCC;Clima;1991-02;Chantilly;Chantilly, United States of America;Prep/Negotiation committees (pre-treaty);FCCC/INC;;Sim;;;;;;
UNFCCC, INC02;UNFCCC;Clima;1991-06;Genebra;Geneva, Switzerland;Prep/Negotiation committees (pre-treaty);FCCC/INC;;Sim;;;;;;
UNFCCC, INC03;UNFCCC;Clima;1991-09;Nairobi;Nairobi, Kenya;Prep/Negotiation committees (pre-treaty);FCCC/INC;;Sim;;;;;;
UNFCCC, INC04;UNFCCC;Clima;1991-12;Genebra;Geneva, Switzerland;Prep/Negotiation committees (pre-treaty);FCCC/INC;;Sim;;;;;;
UNFCCC, INC05-1;UNFCCC;Clima;1992-02;New York;New York, United States of America;Prep/Negotiation committees (pre-treaty);FCCC/INC;;Sim;;;;;;
UNFCCC, INC05-2;UNFCCC;Clima;1992-05;New York;New York, United States of America;Prep/Negotiation committees (pre-treaty);FCCC/INC;;Sim;;;;;;
UNESCO IOC, A20;UNESCO IOC;Oceano;1999-07;Paris;Paris, France;;IOC-XX/3;UNESCO Intergovernmental Oceanographic Commission, Assembly;Não;Sim;;;;;
UNESCO IOC, A21;UNESCO IOC;Oceano;2001-07;Paris;Paris, France;;IOC-XXI/3;;Não;Sim;;;;;
UNESCO IOC, A22;UNESCO IOC;Oceano;2003-07;Paris;Paris, France;;IOC-XXII/3;;Não;Sim;;;;;
UNESCO IOC, A23;UNESCO IOC;Oceano;2005-06;Paris;Paris, France;;IOC-XXIII/3;;Não;Sim;;;;;
UNESCO IOC, A24;UNESCO IOC;Oceano;2007-06;Paris;Paris, France;;IOC-XXIV/3;;Não;Sim;;;;;
UNESCO IOC, A25;UNESCO IOC;Oceano;2009-06;Paris;Paris, France;;IOC-XXV/3;;Não;Sim;;;;;
UNESCO IOC, A26;UNESCO IOC;Oceano;2011-06;Paris;Paris, France;;IOC-XXVI/3;;Não;Sim;;;;;
UNESCO IOC, A27;UNESCO IOC;Oceano;2013-07;Paris;Paris, France;;IOC-XXVII/3;;Não;Sim;;;;;
UNESCO IOC, A28;UNESCO IOC;Oceano;2015-06;Paris;Paris, France;;IOC-XXVIII/3;;Não;Sim;;;;;
UNESCO IOC, A29;UNESCO IOC;Oceano;2017-06;Paris;Paris, France;;IOC-XXIX/3;;Não;Sim;;;;;
UNESCO IOC, A30;UNESCO IOC;Oceano;2019-07;Paris;Paris, France;;IOC-XXX/3;;Não;Sim;;;;;
UNCHE, PrepCom 4;UNCHE;Grandes conferências ONU;1972-03;New York;New York, United States of America;Prep/Negotiation committees (pre-treaty);A/Conf.48/PC.17;;;;;;;;
UNCHE, PrepCom 3;UNCHE;Grandes conferências ONU;1971-09;New York;New York, United States of America;Prep/Negotiation committees (pre-treaty);A/Conf.48/PC.11;;Não;;;;;;
UNCHE, PrepCom 2;UNCHE;Grandes conferências ONU;1971-02;Genebra;Geneva, Switzerland;Prep/Negotiation committees (pre-treaty);A/Conf.48/PC.9;;Não;;;;;;
UNCHE, PrepCom 1;UNCHE;Grandes conferências ONU;1970-03;New York;New York, United States of America;Prep/Negotiation committees (pre-treaty);A/Conf.48/PC/6;Brasil não participou;Não;Sim;;;;;
