titulo;nome;desc;cargo_deleg;org;org_detalhe;cargo_org;conf;pais;nline;fonte;id_org_dupla
Mr.;Fernando Jacques Magalhaes Pimenta;"Consul General in Montreal
Consulate General of Brazil in Montreal
Montreal H3A 3A5
Canada";;Ministry of External Relations;Consulate General of Brazil in Montreal;Consul General;MP, EXMOP01;Brazil;1;Lista transcrita pelo secretariado;
Mrs.;Renata Watkin;"Deputy Consul in Montreal
Ministry of Foreign Affairs
Consulate General of Brazil in Montreal
Montreal H3A 3A5
Canada";;Ministry of External Relations;Consulate General of Brazil in Montreal;Deputy Consul;MP, EXMOP01;Brazil;2;Lista transcrita pelo secretariado;
Mr.;Elias Antonio Luna Almeida Santos;"Division of Environmental Policy and
Sustainable Development
Ministry of Foreign Relations
Esplanada  dos Ministérios
Bloco H , Annex 2 , Room 204
70.170-900 Brasilia - DF
Brazil";;MRE;Divisão de Política Ambiental e Desenvolvimento Sustentável;;MP, EXMOP01;Brazil;3;Lista transcrita pelo secretariado;
Mrs.;Liamarcia Silva Hora;"Technical Assessor
SQA/MMA
Ministry of Environment
Esplanada dos Ministerios 3LB
70.068-900 Brasilia - DF
Brazil";;MMA;Secretaria de Qualidade Ambiental;Technical Assessor;MP, EXMOP01;Brazil;4;Lista transcrita pelo secretariado;
Mr.;Jesulindo Souza Junior;"Federal Inspector of Agriculture
Animal Health and Plant Protection
Secretariat
Ministry of Agriculture, Livestock and
Food Supply
Esplanda dos Ministerios
Bloco ""D"" Anexo-A SALA 343
Brasilia - DF 70043-900
Brazil";;MAPA;Secretaria de Saúde Animal e Sanidade Vegetal;Federal Inspector;MP, EXMOP01;Brazil;5;Lista transcrita pelo secretariado;
Mr.;Jorge De Souza;"Consulate General in Montreal
Montreal H3A 3A5
Canada";;Ministry of External Relations;Consulate General of Brazil in Montreal;;MP, EXMOP01;Brazil;6;Lista transcrita pelo secretariado;
Mr.;Fernando Jacques Magalhaes Pimenta;"Consul General in Montreal
Consulate General of Brazil in Montreal
Montreal H3A 3A5
Canada";;Ministry of External Relations;Consulate General of Brazil in Montreal;Consul General;MP, EXMOP02;Brazil;1;Lista transcrita pelo secretariado;
Mrs.;Renata Watkin;"Deputy Consul in Montreal
Ministry of Foreign Affairs
Consulate General of Brazil in Montreal
Montreal H3A 3A5
Canada";;Ministry of External Relations;Consulate General of Brazil in Montreal;Deputy Consul;MP, EXMOP02;Brazil;2;Lista transcrita pelo secretariado;
Mr.;Elias Antonio Luna Almeida Santos;"Division of Environmental Policy and
Sustainable Development
Ministry of Foreign Relations
Esplanada  dos Ministérios
Bloco H , Annex 2 , Room 204
70.170-900 Brasilia - DF
Brazil";;MRE;Divisão de Política Ambiental e Desenvolvimento Sustentável;;MP, EXMOP02;Brazil;3;Lista transcrita pelo secretariado;
Mrs.;Liamarcia Silva Hora;"Technical Assessor
SQA/MMA
Ministry of Environment
Esplanada dos Ministerios 3LB
70.068-900 Brasilia - DF
Brazil";;MMA;Secretaria de Qualidade Ambiental;Technical Assessor;MP, EXMOP02;Brazil;4;Lista transcrita pelo secretariado;
Mr.;Jesulindo Souza Junior;"Federal Inspector of Agriculture
Animal Health and Plant Protection
Secretariat
Ministry of Agriculture, Livestock and
Food Supply
Esplanda dos Ministerios
Bloco ""D"" Anexo-A SALA 343
Brasilia - DF 70043-900
Brazil";;MAPA;Secretaria de Saúde Animal e Sanidade Vegetal;Federal Inspector;MP, EXMOP02;Brazil;5;Lista transcrita pelo secretariado;
Mr.;Jorge De Souza;"Consulate General in Montreal
Montreal H3A 3A5
Canada";;Ministry of External Relations;Consulate General of Brazil in Montreal;Consulate General;MP, EXMOP02;Brazil;6;Lista transcrita pelo secretariado;
Mr.;Rafael da Soler;"Third Secretary 
Division of Climate and Ozone (DCLIMA)
Ministry of Foreign Affairs
Esplanada dos Ministérios, Bloco H, Anexo II, Sala 204
Brasilia, DF 70170-900
BRAZIL";;MRE;Divisão de Clima e Ozônio;Third Secretary;MP, EXMOP03;Brazil;1;Lista transcrita pelo secretariado;
Mrs.;Magna Luduvice;"National Ozone Unit Officer
Management of the Ozone Layer Protection, Department of Climate Change
Ministry of Environment
SEPN 505 Bloco B sala 303
Brasilia/DF 70730-542
BRAZIL";;MMA;Departamento de Mudanças Climáticas, Gerência de Proteção da Camada de Ozônio, Unidade Nacional de Ozônio;Unit Officer;MP, EXMOP03;Brazil;2;Lista transcrita pelo secretariado;
Mrs.;Gabriela Lira;"Environmental Analyst
Management of the Ozone Layer Protection, Department of Climate Change
Ministry of Environment
SEPN 505 Bloco B sala 303
Brasilia/DF 70730-542
BRAZIL";;MMA;Departamento de Mudanças Climáticas, Gerência de Proteção da Camada de Ozônio;Environmental Analyst;MP, EXMOP03;Brazil;3;Lista transcrita pelo secretariado;
Mrs.;Miriam Potzernheim;"Environmental Analyst
Board of Environmental Quality
IBAMA
SCEN Trecho 2 - Ed. Sede Ibama, Bl C, 1º andar, COREM
Brasilia/DF 70818-900
BRAZIL";;IBAMA;Diretoria de Qualidade Ambiental;Environmental Analyst;MP, EXMOP03;Brazil;4;Lista transcrita pelo secretariado;
Mr.;Paulo Vodianitskaia;"Council of the Entrepreneurial Institutions
R.D. Francisca 7200
CP 267/269, CEP 89219-900
Joinville, SC
Brazil ";;High Consultative Council of Entrepreneurial Entities;;;MP, MOP09;Brazil;1;Lista transcrita pelo secretariado;
Mrs.;Sandra Maria de Alvarenga;"Assessora
Department of Environment-Quality
Ozonio
Ministry of Environment
Sain Av. L4 norte, Ed Sede do IBAMA
70800-200 Brasilia, DF
Brazil ";;Ministry for Environment;Ozone Unit of the Secretariat of Environmental Quality for Human Settlements;Assessora;MP, MOP09;Brazil;2;Lista transcrita pelo secretariado;
Mrs.;Liamarcia Silva Hora;"Ministry of Environment
Brazil ";;MMA;;;MP, MOP09;Brazil;3;Lista transcrita pelo secretariado;
Mrs.;Francisca Mendes de Menezes;"Coordinator
Cabinet of the Minister
[of [?]] International Affairs
Ministry of Environment
Esplanada Dos Ministerios
70,068-900 Brasilia, DF
Brazil ";;Ministério do Meio Ambiente;Cabinet of Minister;Coordinator;MP, MOP09;Brazil;4;Lista transcrita pelo secretariado;
Ms.;Claudia V. Santos;"Division of Environment
Ministry of External Relations
Brazil ";;Ministry of External Relations;Division for the Environment;;MP, MOP09;Brazil;5;Lista transcrita pelo secretariado;
M.;De Melo Maciel;"Brazil Consulate in Montreal
2000 Mansfield, #1700
Montreal
Canada ";;Ministry of External Relations;Consulate General of Brazil in Montreal;;MP, MOP09;Brazil;6;Lista transcrita pelo secretariado;
Mr.;Antonino M.P. Santos;"Consulate General of Brazil
2000 Mansfield, #1700
1H3Y 1B3 Montreal
Canada ";;Ministry of External Relations;Consulate General of Brazil in Montreal;Consul General;MP, MOP09;Brazil;7;Lista transcrita pelo secretariado;
H.E. Mr.;Affonso Ouro-Preto;"Embassy of Brazil
100600 Beijing
China";;Ministry of External Relations;Embassy of Brazil to Beijing;;MP, MOP11;Brazil;1;Lista transcrita pelo secretariado;
Mr.;Everton Vieira Vargas;"Head of the Division of Environment
Ministry for Foreign Relations
Brazil";;Ministry of External Relations;Division for the Environment;Head of Division;MP, MOP11;Brazil;2;Lista transcrita pelo secretariado;
Mrs.;Ana Cristina Asfora;"First Secretary
Embassy of Brazil
100600 Beijing
China";;Ministry of External Relations;Embassy of Brazil to Beijing;First Secretary;MP, MOP11;Brazil;3;Lista transcrita pelo secretariado;
Ms.;Terezinha Bassani Campos;"Second Secretary
Department of Special Affairs
Division of Environment
Ministry of Foreign Relations
Esplanada dos Ministérios Bloco ""H"",
Anexo II, Sala 29
70170-900 Brasilia
Brazil";;Ministry of External Relations;Department of Special Affairs, Division of Environment;Second Secretary;MP, MOP11;Brazil;4;Lista transcrita pelo secretariado;
Mr.;Esper Abrao Cavalheiro;"Secretary for Scientific Policy
Ministry of Science and Technology
Brazil";;Ministry of Science and Technology;Secretariat for Scientific Policy;Secretary;MP, MOP11;Brazil;5;Lista transcrita pelo secretariado;
Mr.;David Preciado;"Secretary of Foreign Trade
Ministry of Development, Industry and Foreign Trade
Brazil";;MDIC;Secretaria de Comércio Exterior;Secretary;MP, MOP11;Brazil;6;Lista transcrita pelo secretariado;
Mrs.;Liamarcia S. Hora;"Unidade de Ozônio-PQA
Ministry of Environment
Esplanada Dos Ministérios, BLB-8° Andar
70.060.900 Brasilia-DF
Brazil";;MMA;Programa de Qualidade Ambiental, Unidade de Ozônio;;MP, MOP11;Brazil;7;Lista transcrita pelo secretariado;
Mr.;Evandro Soares;"Ozone Unit of the Secretariat of Environmental
Quality for Human Settlements
Ministry for Environment
Esplanada dos Ministerio, Bloco B, Sala 828
Brazil";;MMA;Unidade de Ozônio, Secretaria de Qualidade Ambiental;;MP, MOP11;Brazil;8;Lista transcrita pelo secretariado;
Mr.;Everton Vieira Vargas;"Head of the Division of the Environment
Environmental Control Technologies
Ministerio do Meio Ambiente
Esplanada dos Ministerios
Bloco H Anexo 1 sala 439
Brazil";;MRE;Divisão do Meio Ambiente;Head of Division;MP, MOP12;Brazil;1;Lista transcrita pelo secretariado;
Mr.;Benedicto Fonseca;"Division of Environment
Ministry of Foreign Relations
Esplanada dos Ministerios
Bloco H Anexo I Sala 439
Brasilia 70 170-900
Brazil";;MRE;Divisão do Meio Ambiente;;MP, MOP12;Brazil;2;Lista transcrita pelo secretariado;
Mr.;Fernando Vasconcelos Araujo;"Manager
Environmental Control Technologies
Ministerio do Meio Ambiente
Esplanada dos Ministerios
Bloco B, sala 824
70068-900 Brasilia - DF
Brazil
Tel: (+55 61) 317 1017
Fax: (+55 61) 226 4869
E-Mail: prozon@mma.gov.br";;MMA;Tecnologias de Controle Ambiental;Manager;MP, MOP12;Brazil;3;Lista transcrita pelo secretariado;
Mr.;Evandro Soares;"Ozone Unit Officer
Ozone Unit of the Secretariat of Environmental Quality for Human Settlements
Ministerio do Meio Ambiente
Esplanada  dos Ministerios
Bloco B, Sala 828
Brazil";;MMA;Unidade de Ozônio, Secretaria de Qualidade Ambiental;Unit Officer;MP, MOP12;Brazil;4;Lista transcrita pelo secretariado;
Mrs.;Vera Machado;"Ambassador
Brazilian Embassy to India
New Delhi - India.
Brazil";;MRE;Embaixada do Brasil na Índia;Ambassador;MP, MOP13;Brazil;1;Lista transcrita pelo secretariado;
Mr.;Benedicto Fonseca;"Environment Division
Ministry of Foreign Relations
Esplanada dos Ministerios
Bloco H Anexo I Sala 439
Brasilia 70 170-900
Brazil";;MRE;Divisão do Meio Ambiente;;MP, MOP13;Brazil;2;Lista transcrita pelo secretariado;
Mr.;Evandro Soares;"Ozone Unit Officer
Secretariat of Environmental Quality for Human Settlements
Ministerio do Meio Ambiente
Esplanada Dos Pinistemos
Bloco B, Sala 828
70.068-900
Brazil";;MMA;Unidade de Ozônio, Secretaria de Qualidade Ambiental;Unit Officer;MP, MOP13;Brazil;3;Lista transcrita pelo secretariado;
Ms.;Irene Pessoa De Lima Camara;"Minister Counsellor
Brazilian Mission to FAO
Brazil";;MRE;Missão do Brazil à FAO;Ministro Conselheiro;MP, MOP14;Brazil;1;Lista transcrita pelo secretariado;
Mr.;Benedicto Fonseca Filho;"Secretary
Environment Division
Ministry of Foreign Relations
Esplanada dos Ministerios
Bloco H Anexo I Sala 439
Brasilia 70 170-900
Brazil";;MRE;Divisão do Meio Ambiente;Secretary;MP, MOP14;Brazil;2;Lista transcrita pelo secretariado;
Mr.;Elias Luna Santos;"Diplomat
Department of Environment and Special Affairs
Division of Environmental Policy and Sustainable 
Development
Ministry of Foreign Relations
Esplanada dos Ministerrios
Bloco H- Anexo II- Sala 204
70170- 900 Brasilia
Brazil";;MRE;Divisão de Política Ambiental e Desenvolvimento Sustentável, Departamento de Meio Ambiente e Temas Especiais;;MP, MOP14;Brazil;3;Lista transcrita pelo secretariado;
Mr.;David Preciado;"Chief of Cabinet
Secretariat of Foreign Trade
Esplanada dos Ministérios, Bloco J, Sala 811
70056-900 Brasilia
Brazil";;MDIC;Secretaria de Comércio Exterior;Chief of Cabinet;MP, MOP14;Brazil;4;Lista transcrita pelo secretariado;
Mr.;Marcio Perrut;"Technical Assessor
Secretariat of Environmental Quality
Ministry of Environment
Esplanada dos Ministérios, Bloco B, sala 828
Brasília - DF
70068-900
Brazil";;MMA;Secretaria de Qualidade Ambiental;Technical Assessor;MP, MOP14;Brazil;5;Lista transcrita pelo secretariado;
Mrs.;Sandra Maria De Alvarenga;"Environment Analyst
Licence and Environment Quality Directory
Ozone Unit
IBAMA - Brazilian Institute of Environment
70800-200
Brazil";;IBAMA;Unidade de Ozônio, Diretoria de Licenciamento e Qualidade Ambiental;Environmental Analyst;MP, MOP14;Brazil;6;Lista transcrita pelo secretariado;
Mr.;Mauricio Dutra Garcia;"Eng. Agron.
Department of Vegetable defense and Inspection
Office of Agriculturral and Cattle Defense
Ministry of Agriculture
Esplanada dos Ministerios
Bloco D - Anexo B Sala 343
CEP 70043 900 Brasilia - DF
Brazil";;Ministry of Agriculture, Livestock and Food Supply;"Departamento de Defesa e Inspeção Vegetal; Secretaria de Defesa Agropecuária";Engenheiro Agrônomo;MP, MOP14;Brazil;7;Lista transcrita pelo secretariado;
H.E. Mr.;Joaquim A. Whitaker Salles;"Permanent Representative
Permanent Mission of Brazil to the United Nations Environment Programme
P.O. Box 30754
Nairobi
Kenya";;MRE;Missão Permanente do Brazil junto à UNEP;Permanent Representative;MP, MOP15;Brazil;1;Lista transcrita pelo secretariado;
Mr.;Elias Antonio Luna e Almeida Santos;"Division of Environmental Policy and
  Sustainable Development
Ministry of Foreign Relations
Esplanada dos Ministérios
Bloco H, Annex 2, Room 204
70.170-900 Brasilia - DF
Brazil";;MRE;Divisão de Política Ambiental e Desenvolvimento Sustentável;;MP, MOP15;Brazil;2;Lista transcrita pelo secretariado;
Mr.;Marcio Marques Perrut;"Technical Advisor
Environmental Quality Program
Secretariat of Environmental Quality in
Human Settlements
Ministry of Environment
Esplanada dos Ministerios
Bloco B, sala 828
70.068-900 Brasilia - DF
Brazil";;MMA;Programa de Qualidade Ambiental, Secretaria de Qualidade Ambiental em Assentamentos Humanos;Technical Advisor;MP, MOP15;Brazil;3;Lista transcrita pelo secretariado;
Mr.;Evandro Soares;"Technical Coordinator
Implementation and Monitoring UNIT/CFC
  Phaseout Plan
Ministry of Environment
70.068-900 Brasilia - DF
Brazil";;MMA;Unidade de Implementação e Monitoramento, Plano Eliminação dos CFCs;Technical Coordinator;MP, MOP15;Brazil;4;Lista transcrita pelo secretariado;
Mrs.;Liamarcia Silva Hora;"Ministry of Environment
70.068-900 Brasilia - DF
Brazil";;MMA;;;MP, MOP15;Brazil;5;Lista transcrita pelo secretariado;
Mr.;José Jorge Alcazar Almeida;"Counsellor
Permanent Mission of Brazil to the United Nations Environment Programme
P.O. Box 30754
Nairobi
Kenya";;MRE;Missão Permanente do Brazil junto à UNEP;Counsellor;MP, MOP15;Brazil;6;Lista transcrita pelo secretariado;
Mr.;Jesulindo Nery de Souza Jr.;"Ministry of Agriculture, Livestock and
Food Supply
CEP 70043-900
Esplanda dos Ministerios
Bloco ""D"" Anexo-A SALA 343
Bloco ""D"" Anexo-A Sola 343
Brasilia - DF
Brazil";;Ministério da Agricultura, Pecuária e Abastecimento;;;MP, MOP15;Brazil;7;Lista transcrita pelo secretariado;
Mr.;Affonso Massot;"Ambassador of Brazil
Brazilian Government
Panska 5, 110 00 Praha 2
Praha
Czech Republic";;MRE;Embaixada do Brasil em Praga;Ambassador;MP, MOP16;Brazil;1;Lista transcrita pelo secretariado;
Ms.;Maria Feliciana Ortigao;"First Secretary
Ministry of Foreign Relations
Brasilia
Brazil";;MRE;;First Secretary;MP, MOP16;Brazil;2;Lista transcrita pelo secretariado;
Mr.;Ruy Barros;"Director
Ministry of Environment
Brazil";;MMA;;Director;MP, MOP16;Brazil;3;Lista transcrita pelo secretariado;
Mr.;Elias de Luna Santos;"Division of Environmental Policy and
Sustainable Development
Department of Environment and Special Affairs
Ministry of External Relations
Esplanada dos Ministerios
Bloco H- Anexo II- Sala 204
70170- 900 Brasilia
Brazil";;MRE;Divisão de Política Ambiental e Desenvolvimento Sustentável, Departamento de Meio Ambiente e Temas Especiais;;MP, MOP16;Brazil;4;Lista transcrita pelo secretariado;
Mr.;David Preciado;"Chief of Cabinet
Secretaria de Comercio Exterior
Ministerio do Desv. Ind. E Comercio
Exterior
S.Q.S 211-BL. D. APT.201
70274.040 Brasilia
Brazil";;MDIC;Secretaria de Comércio Exterior;Chief of Cabinet;MP, MOP16;Brazil;5;Lista transcrita pelo secretariado;
Mr.;Marcio Perrut;"Technical Assessor
Ozone Unit
Secretariat of Environmental Quality
Ministry of Environment
Esplanada dos Ministérios, Bloco B, sala 828
Brasília - DF
70068-900
Brazil";;MMA;Unidade de Ozônio, Secretaria de Qualidade Ambiental;Technical Assessor;MP, MOP16;Brazil;6;Lista transcrita pelo secretariado;
Mr.;Jesulindo Souza Junior;"Federal Inspector of Agriculture
Ministry of Agriculture, Livestock and
Food Supply
Esplanada dos Ministerios Bloco ""D""
Anexo A Sala 343
70043-900 Brasilia-DF
Brazil";;Ministério da Agricultura, Pecuária e Abastecimento;;Federal Inspector;MP, MOP16;Brazil;7;Lista transcrita pelo secretariado;
Mr.;Hudson Amarilla;"International Trade Analyst
Secretariat of Agribusiness International Relations
Ministry of Agriculture, Livestock and Food Supply
Esplanada dos Ministérios Bloco D, Edificio Sede 
Sala 347
Brasília, DF 70043-900
Brazil";;Ministério da Agricultura, Pecuária e Abastecimento;Secretaria de Relações Internacionais do Agronegócio;International Trade Analyst;MP, MOP17;Brazil;1;Lista transcrita pelo secretariado;
Mr.;Paulo Jose Chiarelli Azevedo;"Advisor
Division of Environmental Policy and Sustainable Development
Ministry of Foreign Relations
Esplanada dos Ministérios Bloco H, anexo 2
70170-900 Brasília
Brazil";;MRE;Divisão de Política Ambiental e Desenvolvimento Sustentável;Advisor;MP, MOP17;Brazil;2;Lista transcrita pelo secretariado;
Mrs.;Katia Gilaberte;"Ambassador
Ambassade du Brésil au Sénégal
Dakar
Senegal";;MRE;Embaixada do Brasil no Senegal;Ambassador;MP, MOP17;Brazil;3;Lista transcrita pelo secretariado;
Ms.;Magna Luduvice;"Environmental Analyst
Environmental Quality Program
Ministry of the Environment
Esplanada dos Ministérios Bloco B, sala 828
70068-900 Brasília, DF
Brazil";;MMA;Programa de Qualidade Ambiental;Environmental Analyst;MP, MOP17;Brazil;4;Lista transcrita pelo secretariado;
Mr.;Márcio Perrut;"Technical Advisor
Environmental Quality Program
Ministry of the Environment
Esplanada dos Ministérios Bloco B, sala 824
70068-900 Brasília, DF
Brazil";;MMA;Programa de Qualidade Ambiental;Technical Advisor;MP, MOP17;Brazil;5;Lista transcrita pelo secretariado;
Hon.;Jose Vicente Pimentel;"Ambassador
Brazilian Embassy in Delhi
8 Aurangzeb Road,
New Delhi
India";;MRE;Embaixada do Brasil na Índia;Ambassador;MP, MOP18;Brazil;1;Lista transcrita pelo secretariado;
Mr.;Paulo Jose Chiarelli;"Secretary, Department of Environment
Brazilian Foreign Affairs Ministry
Division of Environmental Policy
and Sustainable Development ( DPAD)
MRE-Palacio de Itamaraty - Esplanada des
Ministerios
Brasilia
Brazil";;MRE;Divisão de Política Ambiental e Desenvolvimento Sustentável, Departamento de Meio Ambiente;Secretary;MP, MOP18;Brazil;2;Lista transcrita pelo secretariado;
Ms.;Marie Kalyva;"Chemical Engineer
Secretaria de Vigilancia Em Saude Ambiental
Protection Ozone Unit
Ministry of Health
ED. Business Center Tower. SHS Quadra 6,
Conjunto A Bloco, 7 Andar. Setor Hotelero Sul
Brasilia/DF 70316-000
Brazil";;Ministério da Saúde;Secretaria de Vigilância em Saúde Ambiental, Unidade de Proteção Ozônio;Chemical Engineer;MP, MOP18;Brazil;3;Lista transcrita pelo secretariado;
Ms.;Magna Leite Luduvice;"Coordinator
Secretariat of Environmental Quality
Ozone Unit
Ministry of Environment
Esplanada dos Ministérios,
Bloco B, sala 832
Brasília DF 70068-901
Brazil";;MMA;Unidade de Ozônio, Secretaria de Qualidade Ambiental;Coordinator;MP, MOP18;Brazil;4;Lista transcrita pelo secretariado;
Mr.;Ruy Barros;"Director
Environmental Quality Secretary
Program of Protection of the Environmental Quality
Ministry of the Environment
Esplanada dos Ministérios Bloco B Gabinete 8º andar
Brasília 70.068-900
Brazil";;MMA;Secretaria de Qualidade Ambiental, Programa de Proteção à Qualidade Ambiental;Director;MP, MOP18;Brazil;5;Lista transcrita pelo secretariado;
Mr.;Otavio Trindade;"Third Secretary
Division for Environmental Policy and Sustainable Development
Ministry of External Relations
Esplanada dos Ministorios, bloco H, anexo II, sala
204
Brasilia 70170900 70170900
Brazil";;MRE;Divisão de Política Ambiental e Desenvolvimento Sustentável;Third Secretary;MP, MOP18;Brazil;6;Lista transcrita pelo secretariado;
Ms.;Bianca Xavier de Abreu;"Secretary (diplomat)
Brazilian Foreign Affairs Ministry
Division of Environmental Policy and Sustainable Development ( DPAD)
MRE-Palacio de Itamaraty - Esplanada des
Ministerios
Brasilia 70 900
Brazil ";;MRE;Divisão de Política Ambiental e Desenvolvimento Sustentável;Secretary;MP, MOP18;Brazil;7;Lista transcrita pelo secretariado;
Mr.;Washington Luis Pereira de Sousa ;"General Consul in Montreal 
1 Westmount Square 
Montreal H3Z 2P9 
Quebec 
Canada ";;Ministry of External Relations;Consulate General of Brazil in Montreal;Consul General;MP, MOP19;Brazil;1;Lista transcrita pelo secretariado;
Mr.;Jose Raphael Lopes Mendes de Azeredo;"Counsellor 
Division for Environmental Policy and Sustainable Development 
Ministry of External Relations 
Esplanada Ministerios, H, Anexo 2, Sala 204 
Brasilia 
Distrito Federal
Brazil";;MRE;Divisão de Política Ambiental e Desenvolvimento Sustentável;Counsellor;MP, MOP19;Brazil;2;Lista transcrita pelo secretariado;
Mr.;Ruy Goes Leite de Barros;"Director 
Department of Climate Change 
Ministry of the Environment 
Esplanada dos Ministérios Bloco B Gabinete 8º andar 
Brasilia 70-068-900 
Distrito Federal 
Brazil ";;Ministry of Environment;Department of Climate Change;Director;MP, MOP19;Brazil;3;Lista transcrita pelo secretariado;
Ms.;Bianca Abreu;"Advisor 
Division for Environmental Policy and Sustainable Development
Ministry of External Relations 
Esplanada dos Ministérios 
Bloco H, Anexo II, Sala 204 70170-900 
Brasilia 
Brazil";;MRE;Divisão de Política Ambiental e Desenvolvimento Sustentável;Advisor;MP, MOP19;Brazil;4;Lista transcrita pelo secretariado;
Mrs.;Magna Luduvice;"Ozone Unit Coordinator 
Department of Climate Change, Ministry of the Environment 
Esplanada dos Ministérios bloco B 8 Andar sala 813 
Brasilia 70068-900 
Distrito Federal 
Brazil ";;MMA;Departamento de Mudanças Climáticas, Coordenadoria de Ozônio;Unit Coordinator;MP, MOP19;Brazil;5;Lista transcrita pelo secretariado;
Ms.;Raquel Breda dos Santos;"Technical Adviser 
Office for International Affairs 
Ministry of the Environment 
Esplanada dos Ministerios, Bloco B, 532 
Brasilia 70068 900 
Distrito Federal
Brazil ";;MMA;Assessoria de Assuntos Internacionais;Technical Advisor;MP, MOP19;Brazil;6;Lista transcrita pelo secretariado;
Mr.;Marco Aurelio Mucci Mattos ;"Head of Division 
Custom Clearance- Treasure 
Receita Federal - Esplanada dos Ministérios 
Brasilia 70048900 
Distrito Federal 
Brazil ";;Receita Federal;Desembaraço Aduaneiro;Head of Division;MP, MOP19;Brazil;7;Lista transcrita pelo secretariado;
Mr.;Claudio Nishizawa;"Regulation and Sanitary Surveillance Specialist 
ANVISA, Ministry of Health 
Sepn 515 Bl.B 155, Sala 268 
Brasilia 70770 502 
Distrito Federal
Brazil";;ANVISA;Vigilância e Regulação Sanitária;Specialist;MP, MOP19;Brazil;8;Lista transcrita pelo secretariado;
Ms.;Balbiana Oliveira;"Regulation and Sanitary Surveillance Specialist 
ANVISA, Ministry of Health 
70770 502 Distrito Federal
105, Sala 26 
Brazil";;ANVISA;Vigilância e Regulação Sanitária;Specialist;MP, MOP19;Brazil;9;Lista transcrita pelo secretariado;
H.E. Mr.;Anuar Nahes;"Ambassador
Brazilian Embassy to Doha
Al Dafna Area 66, North Saha st. 95, West Bay
P.O. Box 23122
Doha
Qatar";;MRE;Embaixada do Brasil em Doha;Ambassador;MP, MOP20;Brazil;1;Lista transcrita pelo secretariado;
Ms.;Bianca Abreu;"Advisor
Division for Environmental Policy and Sustainable Development
Ministry of External Relations
Bloco H, Anexo II, Sala 204 70170-900
Brasilia DF
Brazil";;MRE;Divisão de Política Ambiental e Desenvolvimento Sustentável;Advisor;MP, MOP20;Brazil;2;Lista transcrita pelo secretariado;
Mr.;Ruy de Góes Leite de Barros;"Coordinator
Department of Climate Change
Ministry of the Environment
Esplanada dos Ministérios Bloco B Gabinete 8º
Andar
Brasilia DF 70-068-900
Brazil";;Ministry of Environment;Department of Climate Change;Coordinator;MP, MOP20;Brazil;3;Lista transcrita pelo secretariado;
Mrs.;Magna Luduvice;"Ozone Unit Officer
Department of Climate Change
Ministry of the Environment
Esplanada dos Ministérios bloco B 8 Andar sala 845
Brasilia DF 70068-900
Brazil";;Ministry of the Environment;Department of Climate Change, National Ozone Unit;Unit Officer;MP, MOP20;Brazil;4;Lista transcrita pelo secretariado;
Mr.;Bruno Cavalheiro Breitenbach;"Agriculture Federal Inspector
Department of Agriculture Supplies Inspection
Ministry of Agriculture, Livestock and Food Supply
Esplanada dos Ministerios Bloco D Anexo-A, Sala
343
Brasilia DF-70043-900
Brazil";;MAPA;"Departamento de
Inspeção de Produtos
de Origem Vegetal";Federal Inspector;MP, MOP20;Brazil;5;Lista transcrita pelo secretariado;
Ms.;Darly Henriques da Silva;"General Coordinator
Meteorology and Climate Secretary for P&D Policies and Program 
Ministry of Science and Technology
Brasilia-DF 70.067-900
Brazil";;Ministério da Ciência e Tecnologia;Secretaria de Políticas e Programas de Pesquisa e Desenvolvimento;General Coordinator;MP, MOP20;Brazil;6;Lista transcrita pelo secretariado;
Ms.;Marie Kalyva;"Technical Advisor
Ministry of Health
Setor Comercial Sul, Quadran 4, Bloco A, Ed.
Principal 5 andar
Brasilia DF-7030 4000
Brazil";;Ministério da Saúde;;Technical Advisor;MP, MOP20;Brazil;7;Lista transcrita pelo secretariado;
Ms.;Flavia Kariny Pereira Mota;"Environmental Analyst
Coordination of Waste and Emissions
Directory of Environmental Quality, IBAMA
SCEN Trecho 2 Edificio Sede do IBAMA
Brasilia DF-70818-900
Brazil";;IBAMA;Coordenação de Resíduos e Emissões;Environmental Analyst;MP, MOP20;Brazil;8;Lista transcrita pelo secretariado;
Ms.;Magna Luduvice;"Ozone Unit Officer
National Ozone Unit
Department of Climate Change
Ministry of the Environment
Esplanada dos Ministérios
Bloco B, 8° Andar, sala 845
Brasilia DF 70068-900
Brazil";;Ministry of the Environment;Department of Climate Change, National Ozone Unit;Unit Officer;MP, MOP22;Brazil;1;Lista transcrita pelo secretariado;
Ms.;Tatiana Maria Zanette;"Environmental Analyst
National Ozone Unit
Department of Climate Change
Ministry of the Environment
Esplanada dos Ministérios
Bloco B, 8° Andar, sala 845
Brasilia DF 70068-900
Brazil";;Ministry of the Environment;Department of Climate Change, National Ozone Unit;Environmental Analyst;MP, MOP22;Brazil;2;Lista transcrita pelo secretariado;
Mr.;Tulio Cesar Mourthe de Alvim Andrade;"Diplomat
Department of Environment and Special Themes
Ministry of External Relations
Esplanada dos Ministérios
Brasilia DF 70068-900
Brazil";;MRE;Departamento de Meio Ambiente e Temas Especiais;;MP, MOP22;Brazil;3;Lista transcrita pelo secretariado;
Mr.;João Carlos de Oliveira;"Division of Environmental Policy and
Development
Ministry of the Environment
Brasilia SQ 53449-291
Brazil";;MRE;Divisão de Política Ambiental e Desenvolvimento Sustentável;;MP, MOP22;Brazil;4;Lista transcrita pelo secretariado;
Ms.;Darly Henriques da Silva;"General Coordinator
Meteorology and Climate Policies and Program
of R & D
Ministry of Science and Technology
Esplanada dos Ministerios
Bloco E, 2° andar
Brasilia-DF 70067-900
Brazil";;Ministério da Ciência e Tecnologia;Secretaria de Políticas e Programas de Pesquisa e Desenvolvimento, Coordenação de Políticas de Clima e Meteorologia;General Coordinator;MP, MOP22;Brazil;5;Lista transcrita pelo secretariado;
Ms.;Miriam Potzernheim;"Environmental Analyst
Directory of Environmental Quality, IBAMA
Brazilian Federal Environmental Agency
SCEN Trecho 2 - Ed. Sede
Bloco C,1° andar
Brasilia-DF 70000
Brazil";;IBAMA;Diretoria de Qualidade Ambiental;Environmental Analyst;MP, MOP22;Brazil;6;Lista transcrita pelo secretariado;
Mr.;Paulo Rogério Gonçalves ;"Head of Cabinet 
Secretariat of Climate Change and Environmental Quality 
Ministry of Environment 
Eplanada dos Ministerios, Bloco ""B"" - 8° andar 
Brasilia DF 70068-900 
Brazil";;MMA;Secretaria de Mudanças Climáticas e Qualidade Ambiental;Head of Cabinet;MP, MOP23;Brazil;1;Lista transcrita pelo secretariado;
Ms.;Magna Luduvice;"National Ozone Unit Officer 
Department of Climate Change 
Ministry of the Environment 
Esplanada dos Ministérios bloco B,8° Andar sala 845 
Brasilia DF 70068-900 
Brazil ";;Ministry of the Environment;Department of Climate Change, National Ozone Unit;Unit Officer;MP, MOP23;Brazil;2;Lista transcrita pelo secretariado;
Ms.;Ana Carolina Lamy;"Federal Inspector 
Department of Agricultural Inputs 
Ministry of Agriculture 
Esplanada Dos Ministerios, Bloco D, Sala 327 
Brasilia DF 70.000 
Brazil ";;MAPA;Departamento de Insumos Agrícolas;Federal Inspector;MP, MOP23;Brazil;3;Lista transcrita pelo secretariado;
Ms.;Flavia Kariny Pereira Mota;"Environmental Analyst 
Directory of Environmental Quality 
Brazilian Institute of Environment 
SCEN Trecho 2 Edificio Sede do IBAMA 
Brasilia DF-70818-900 
Brazil ";;IBAMA;Diretoria de Qualidade Ambiental;Environmental Analyst;MP, MOP23;Brazil;4;Lista transcrita pelo secretariado;
Ms.;Maria Nazareth Farani de Azevedo;"Ambassador
Permanent Mission of Brazil in Geneva";;MRE;Missão Permanente do Brasil em Genebra;Ambassador;MP, MOP24;Brazil;1;Lista transcrita pelo secretariado;
Ms.;Magna Luduvice;"Coordinator
Coordination of the Ozone Layer Protection
Secretariat of Climate Change and Environment Quality
Department of Climate Change
Coordination of the Ozone Layer Protection
Ministry of the Environment";;MMA;Coordenação de Proteção à Camada de Ozônio, Departamento de Mudanças Climáticas, Secretaria de Mudanças Climáticas e Qualidade Ambiental;Coordinator;MP, MOP24;Brazil;2;Lista transcrita pelo secretariado;
Ms.;Maria Luiza Escorel de Moraes;"Minister Councillor
Permanent Mission of Brazil in Geneva";;MRE;Missão Permanente do Brasil em Genebra;Ministro Conselheiro;MP, MOP24;Brazil;3;Lista transcrita pelo secretariado;
Mr.;Tulio Cesar Mourthe de Alvim Andrade;"Diplomat
Department of Environment and Special Themes
Ministry of External Relations
Esplanada dos Ministérios
Brasilia DF 70068-900
Brazil";;MRE;Departamento de Meio Ambiente e Temas Especiais;;MP, MOP24;Brazil;4;Lista transcrita pelo secretariado;
Ms.;Sophie Crockett-Chaves;"Intern
Permanent Mission of Brazil to Geneva";;MRE;Missão Permanente do Brasil em Genebra;Intern;MP, MOP24;Brazil;5;Lista transcrita pelo secretariado;
Mr.;André Costa Misi;"First Secretary
Permanent Mission of Brazil
Ministry of Foreign Affairs";;MRE;Missão Permanente do Brasil em Genebra;First Secretary;MP, MOP24;Brazil;6;Lista transcrita pelo secretariado;
Ms.;Miriam Potzernheim;"Environmental Analyst
Directory of Environmental Quality, IBAMA
Brazilian Federal Environmental Agency
SCEN Trecho 2 - Ed. Sede
Bloco C,1° andar
Brasilia-DF 70000
Brazil";;IBAMA;Diretoria de Qualidade Ambiental;Environmental Analyst;MP, MOP24;Brazil;7;Lista transcrita pelo secretariado;
H.E. Mr.;Jose Mauricio Bustani;"Ambassador
Embassy of Brazil in Paris
34 Cours Albert 1 Premier
Paris 75008
FRANCE";;MRE;Embaixada do Brasil em Paris;Ambassador;MP, MOP26;Brazil;1;Lista transcrita pelo secretariado;
Mr.;Achilles Zaluar;"Ministre-Conseiller
Embassy of Brazil in Paris
34 Cours Albert 1 Premier
Paris 75008
FRANCE";;MRE;Embaixada do Brasil em Paris;Ministro Conselheiro;MP, MOP26;Brazil;2;Lista transcrita pelo secretariado;
Mr.;Luiz Santos;"Second Secretary
Embassy of Brazil in Paris
34 Cours Albert 1 Premier
Paris 75008
FRANCE";;MRE;Embaixada do Brasil em Paris;Second Secretary;MP, MOP26;Brazil;3;Lista transcrita pelo secretariado;
Mr.;Rafael da Soler;"Third Secretary 
Division of Climate, Ozone and Chemical Safety 
Ministry of External Relations 
Brasilia, DF 
BRAZIL";;Ministry of External Relations;Division of Climate, Ozone and Chemical Safety;Third Secretary;MP, MOP26;Brazil;4;Lista transcrita pelo secretariado;
Mrs.;Magna Luduvice;"Manager
Management of the Ozone Layer Protection, Department of Climate Change
Ministry of Environment
SEPN 505 Bloco B sala 303
Brasilia/DF 70730-542
BRAZIL";;MMA;Departamento de Mudanças Climáticas, Gerência de Proteção da Camada de Ozônio;Manager;MP, MOP26;Brazil;5;Lista transcrita pelo secretariado;
Ms.;Gabriela Lira;"Environmental Analyst
Management of the Ozone Layer Protection, Department of Climate Change
Ministry of Environment
SEPN 505 Bloco B sala 303
Brasilia/DF 70730-542
BRAZIL";;MMA;Departamento de Mudanças Climáticas, Gerência de Proteção da Camada de Ozônio;Environmental Analyst;MP, MOP26;Brazil;6;Lista transcrita pelo secretariado;
Mrs.;Miriam Potzernheim;"Environmental Analyst
Board of Environmental Quality
IBAMA
SCEN Trecho 2 - Ed. Sede Ibama, Bl C, 1º andar, COREM
Brasilia/DF 70818-900
BRAZIL";;IBAMA;Diretoria de Qualidade Ambiental;Environmental Analyst;MP, MOP26;Brazil;7;Lista transcrita pelo secretariado;
Mr.;Rafael da Soler;"Third Secretary
Division of Climate, Ozone and Chemical Safety (DCLIMA)
Ministry of External Relations
Esplanada dos Ministérios, Bloco H, Anexo II, Sala 204
Brasilia, DF 70170-900
BRAZIL";;MRE;Divisão de Clima, Ozônio e Segurança Química;Third Secretary;MP, MOP27;Brazil;1;Lista transcrita pelo secretariado;
Mrs.;Magna Luduvice;"National Ozone Unit Officer
Management of the Ozone Layer Protection, Department of Climate Change
Ministry of Environment
SEPN 505 Bloco B sala 307
Brasilia/DF 70730-542
BRAZIL";;MMA;Departamento de Mudanças Climáticas, Gerência de Proteção da Camada de Ozônio, Unidade Nacional de Ozônio;Unit Officer;MP, MOP27;Brazil;2;Lista transcrita pelo secretariado;
Ms.;Gabriela Lira;"Environmental Analyst
Management of the Ozone Layer Protection, Department of Climate Change
Ministry of Environment
SEPN 505 Bloco B sala 303
Brasilia/DF 70730-542
BRAZIL";;MMA;Departamento de Mudanças Climáticas, Gerência de Proteção da Camada de Ozônio, Unidade Nacional de Ozônio;Environmental Analyst;MP, MOP27;Brazil;3;Lista transcrita pelo secretariado;
Mrs.;Miriam Potzernheim;"Environmental Analyst
Board of Environmental Quality
IBAMA
SCEN Trecho 2 - Ed. Sede Ibama, Bl C, 1º andar, COREM
Brasilia/DF 70818-900
BRAZIL";;IBAMA;Diretoria de Qualidade Ambiental;Environmental Analyst;MP, MOP27;Brazil;4;Lista transcrita pelo secretariado;
H.E.;Marcela M. Nicodemos;"Ambassador of Brazil 
Permanent Representative to UNEP and UN-Habitat 
Permanent Mission of Brazil in Nairobi 
121 UN Crescent 
P. O. Box 30754 Nairobi 00100 KENYA";;MRE;Missão Permanente do Brasil junto à UNEP;"Ambassador; Permanent Representative";MP, MOP28;Brazil;1;Lista transcrita pelo secretariado;
Mr.;Rafael da Soler;"Third Secretary 
Division of Climate Change (DCLIMA) 
Ministry of Foreign Affairs 
Esplanada dos Ministérios, Bloco H, Anexo II, Sala 204 
Brasilia, DF 70170-900 
BRAZIL";;MRE;Divisão de Mudanças Climáticas;Third Secretary;MP, MOP28;Brazil;2;Lista transcrita pelo secretariado;
Mrs.;Magna Luduvice;"National Ozone Unit Officer 
Management of the Ozone Layer Protection 
Department of Climate Change 
Ministry of Environment 
SEPN 505 Bloco B sala 303 
Brasilia/DF 70730-542 
BRAZIL";;MMA;Departamento de Mudanças Climáticas, Gerência de Proteção da Camada de Ozônio, Unidade Nacional de Ozônio;Unit Officer;MP, MOP28;Brazil;3;Lista transcrita pelo secretariado;
Mrs.;Gabriela Lira ;"Environmental Analyst 
Management of the Ozone Layer Protection 
Department of Climate Change 
Ministry of Environment 
SEPN 505 Bloco B sala 303 
Brasilia/DF 70730-542 
BRAZIL";;MMA;Departamento de Mudanças Climáticas, Gerência de Proteção da Camada de Ozônio;Environmental Analyst;MP, MOP28;Brazil;4;Lista transcrita pelo secretariado;
H.E. Ms.;Mitzi Costa;"Ambassador
Permanent Delegation of Brazil to ICAO";;MRE;Delegação Permanente do Brasil junto à ICAO;Ambassador;MP, MOP29;Brazil;1;Lista transcrita pelo secretariado;
Mr.;Luis Henrique Sacchi Guadagnin;"Alternate Representative
Permanent Delegation of Brazil to ICAO";;MRE;Delegação Permanente do Brasil junto à ICAO;Alternate Representative;MP, MOP29;Brazil;2;Lista transcrita pelo secretariado;
Ms.;Patricia Soares Leite;Ministry of Foreign Affairs;;MRE;;;MP, MOP29;Brazil;3;Lista transcrita pelo secretariado;
Ms.;Luciana Caitano;"Environmental Analyst
Board of Environmental Quality IBAMA
Esplanada dos Ministerios, Bloco B, 5º andar
Brasilia/DF 70818-900
BRAZIL";;IBAMA;Diretoria de Qualidade Ambiental;Environmental Analyst;MP, MOP29;Brazil;4;Lista transcrita pelo secretariado;
Mr.;Guilherme do Prado Lima;"Second Secretary
Permanent Delegation of Brazil to ICAO";;MRE;Delegação Permanente do Brasil junto à ICAO;Second Secretary;MP, MOP29;Brazil;5;Lista transcrita pelo secretariado;
Ms.;Gabriela Lira;"Environmental Analyst
Department of Monitoring, Finance and Support, Secretariat of Climate Change and Forestry
Ministry of the Environment";;MMA;Departamento de Monitoramento, Apoio e Fomento de Ações em Mudança do Clima, Secretaria de Mudanças Climáticas e Florestas;Environmental Analyst;MP, MOP29;Brazil;6;Lista transcrita pelo secretariado;
Ms.;Magna Luduvice;"National Ozone Unit Officer
Department of Monitoring, Finance and Support, Secretariat of Climate Change and Forestry
Ministry of the Environment";;MMA;Unidade Nacional de Ozônio, Departamento de Monitoramento, Apoio e Fomento de Ações em Mudança do Clima, Secretaria de Mudanças Climáticas e Florestas;Unit Officer;MP, MOP29;Brazil;7;Lista transcrita pelo secretariado;
H.E. Mr.;Fernando José Marroni de Abreu;"Ambassador
Permanent Representative of Brazil to FAO, IFAD and WFP
Ministry of Foreign Affairs of Brazil";;MRE;Missão Permanente do Brasil junto à FAO, IFAD e WFP;"Ambassador; Permanent Representative";MP, MOP31;Brazil;1;Lista transcrita pelo secretariado;
Mr.;Paulo Cezar Rotella Braga;"First Secretary
Division of Environment II
Ministry of Foreign Affairs of Brazil";;MRE;Divisão de Meio Ambiente II;First Secretary;MP, MOP31;Brazil;2;Lista transcrita pelo secretariado;
Ms.;Lucianara Andrade Fonseca;"Second Secretary
Alternate Permanent Representative of Brazil to FAO, WFP and IFAD
Ministry of Foreign Affairs of Brazil";;MRE;Missão Permanente do Brasil junto à FAO, IFAD e WFP;"Second Secretary; Alternate Permanent Representative";MP, MOP31;Brazil;3;Lista transcrita pelo secretariado;
