"";"ano";"orgao_superior";"servidores_superior";"servidores_naosup"
"1";"1999";"Conselho Nac.De Desen.Cien.E Tecnologico";589;1202
"2";"1999";"Instituto Fed. Do Norte De Minas Gerais";33;193
"3";"1999";"Instituto Fed.Do Sudeste De Minas Gerais";84;216
"4";"1999";"Instituto Federal Baiano";74;228
"5";"1999";"Instituto Federal Catarinense";91;215
"6";"1999";"Instituto Federal Da Paraiba";282;419
"7";"1999";"Instituto Federal De Alagoas";246;473
"8";"1999";"Instituto Federal De Mato Grosso";157;431
"9";"1999";"Instituto Federal De Minas Gerais";118;430
"10";"1999";"Instituto Federal De Pernambuco";470;813
"11";"1999";"Instituto Federal De Rondonia";14;87
"12";"1999";"Instituto Federal De Sergipe";172;330
"13";"1999";"Instituto Federal Do Amazonas";223;403
"14";"1999";"Instituto Federal Do Ceara";282;516
"15";"1999";"Instituto Federal Do Espirito Santo";296;643
"16";"1999";"Instituto Federal Do Maranhao";219;464
"17";"1999";"Instituto Federal Do Para";267;444
"18";"1999";"Instituto Federal Do Rio Grande Do Sul";66;168
"19";"1999";"Instituto Federal Do Sul De Minas Gerais";86;264
"20";"1999";"Instituto Federal Do Tocantins";4;96
"21";"1999";"Instituto Federal Do Triangulo Mineiro";64;205
"22";"1999";"Instituto Federal Farroupilha";44;151
"23";"1999";"Instituto Federal Fluminense";192;481
"24";"1999";"Instituto Federal Goiano";93;268
"25";"1999";"Minist. Da Justica E Seguranca Publica";7536;15912
"26";"1999";"Minist.Da Adm.Federal E Ref. Do Estado";13;12
"27";"1999";"Minist.Da Agricultura,Pecuaria E Abast.";5830;11109
"28";"1999";"Ministerio Ciencia Tec.Inov.Comunicacoes";1602;2285
"29";"1999";"Ministerio Da Cidadania";24;17
"30";"1999";"Ministerio Da Cultura";158;219
"31";"1999";"Ministerio Da Defesa";5862;26353
"32";"1999";"Ministerio Da Economia";42083;61745
"33";"1999";"Ministerio Da Educacao";75279;79696
"34";"1999";"Ministerio Da Infraestrutura";1586;3115
"35";"1999";"Ministerio Da Previdencia Social";534;809
"36";"1999";"Ministerio Da Saude";39640;72534
"37";"1999";"Ministerio Das Comunicacoes";355;739
"38";"1999";"Ministerio Das Relacoes Exteriores";1991;1203
"39";"1999";"Ministerio De Minas E Energia";1092;1004
"40";"1999";"Ministerio Do Desenvolvimento Regional";1022;2028
"41";"1999";"Ministerio Do Esporte";88;116
"42";"1999";"Ministerio Do Meio Ambiente";2155;3762
"43";"1999";"Ministerio Do Planej. Desenv. E Gestao";1970;1913
"44";"1999";"Ministerio Do Trabalho E Emprego";4452;3242
"45";"1999";"Ministerio Do Turismo";1202;1323
"46";"1999";"Ministerio Ind. Com. Exterior E Serviços";399;361
"47";"1999";"Presidencia Da Republica";2695;4388
"48";"2000";"Conselho Nac.De Desen.Cien.E Tecnologico";142;548
"49";"2000";"Instituto Fed. Do Norte De Minas Gerais";36;191
"50";"2000";"Instituto Fed.Do Sudeste De Minas Gerais";81;216
"51";"2000";"Instituto Federal Baiano";71;230
"52";"2000";"Instituto Federal Catarinense";92;204
"53";"2000";"Instituto Federal Da Paraiba";297;420
"54";"2000";"Instituto Federal De Alagoas";262;480
"55";"2000";"Instituto Federal De Mato Grosso";157;426
"56";"2000";"Instituto Federal De Minas Gerais";128;424
"57";"2000";"Instituto Federal De Pernambuco";457;806
"58";"2000";"Instituto Federal De Rondonia";11;91
"59";"2000";"Instituto Federal De Sergipe";164;326
"60";"2000";"Instituto Federal Do Amazonas";228;403
"61";"2000";"Instituto Federal Do Ceara";295;522
"62";"2000";"Instituto Federal Do Espirito Santo";299;646
"63";"2000";"Instituto Federal Do Maranhao";233;446
"64";"2000";"Instituto Federal Do Para";268;444
"65";"2000";"Instituto Federal Do Rio Grande Do Sul";65;162
"66";"2000";"Instituto Federal Do Sul De Minas Gerais";112;290
"67";"2000";"Instituto Federal Do Tocantins";8;93
"68";"2000";"Instituto Federal Do Triangulo Mineiro";69;199
"69";"2000";"Instituto Federal Farroupilha";51;146
"70";"2000";"Instituto Federal Fluminense";202;468
"71";"2000";"Instituto Federal Goiano";91;259
"72";"2000";"Minist. Da Justica E Seguranca Publica";7184;14399
"73";"2000";"Minist.Da Adm.Federal E Ref. Do Estado";1;1
"74";"2000";"Minist.Da Agricultura,Pecuaria E Abast.";5724;10974
"75";"2000";"Ministerio Ciencia Tec.Inov.Comunicacoes";1554;2165
"76";"2000";"Ministerio Da Cidadania";21;20
"77";"2000";"Ministerio Da Cultura";145;214
"78";"2000";"Ministerio Da Defesa";5665;25526
"79";"2000";"Ministerio Da Economia";41848;59745
"80";"2000";"Ministerio Da Educacao";77187;77835
"81";"2000";"Ministerio Da Infraestrutura";1745;3269
"82";"2000";"Ministerio Da Previdencia Social";434;673
"83";"2000";"Ministerio Da Saude";38767;71394
"84";"2000";"Ministerio Das Comunicacoes";256;469
"85";"2000";"Ministerio Das Relacoes Exteriores";1968;1162
"86";"2000";"Ministerio De Minas E Energia";1120;1030
"87";"2000";"Ministerio Do Desenvolvimento Agrario";70;56
"88";"2000";"Ministerio Do Desenvolvimento Regional";998;2006
"89";"2000";"Ministerio Do Esporte";65;68
"90";"2000";"Ministerio Do Meio Ambiente";2231;3608
"91";"2000";"Ministerio Do Planej. Desenv. E Gestao";2592;2820
"92";"2000";"Ministerio Do Trabalho E Emprego";4378;3260
"93";"2000";"Ministerio Do Turismo";1171;1322
"94";"2000";"Ministerio Ind. Com. Exterior E Serviços";352;331
"95";"2000";"Presidencia Da Republica";3752;5895
"96";"2001";"Conselho Nac.De Desen.Cien.E Tecnologico";559;118
"97";"2001";"Instituto Fed. Do Norte De Minas Gerais";91;141
"98";"2001";"Instituto Fed.Do Sudeste De Minas Gerais";161;145
"99";"2001";"Instituto Federal Baiano";140;152
"100";"2001";"Instituto Federal Catarinense";185;119
"101";"2001";"Instituto Federal Da Paraiba";548;180
"102";"2001";"Instituto Federal De Alagoas";508;210
"103";"2001";"Instituto Federal De Mato Grosso";407;166
"104";"2001";"Instituto Federal De Minas Gerais";271;279
"105";"2001";"Instituto Federal De Pernambuco";838;447
"106";"2001";"Instituto Federal De Rondonia";47;53
"107";"2001";"Instituto Federal De Sergipe";324;174
"108";"2001";"Instituto Federal Do Amazonas";428;203
"109";"2001";"Instituto Federal Do Ceara";551;262
"110";"2001";"Instituto Federal Do Espirito Santo";666;302
"111";"2001";"Instituto Federal Do Maranhao";424;251
"112";"2001";"Instituto Federal Do Para";487;238
"113";"2001";"Instituto Federal Do Rio Grande Do Sul";114;109
"114";"2001";"Instituto Federal Do Sul De Minas Gerais";238;156
"115";"2001";"Instituto Federal Do Tocantins";35;65
"116";"2001";"Instituto Federal Do Triangulo Mineiro";156;112
"117";"2001";"Instituto Federal Farroupilha";95;94
"118";"2001";"Instituto Federal Fluminense";489;191
"119";"2001";"Instituto Federal Goiano";177;165
"120";"2001";"Minist. Da Justica E Seguranca Publica";7422;13695
"121";"2001";"Minist.Da Adm.Federal E Ref. Do Estado";1;NA
"122";"2001";"Minist.Da Agricultura,Pecuaria E Abast.";6263;10880
"123";"2001";"Ministerio Ciencia Tec.Inov.Comunicacoes";3250;615
"124";"2001";"Ministerio Da Cidadania";20;14
"125";"2001";"Ministerio Da Cultura";150;208
"126";"2001";"Ministerio Da Defesa";8802;21184
"127";"2001";"Ministerio Da Economia";52525;48433
"128";"2001";"Ministerio Da Educacao";92980;60010
"129";"2001";"Ministerio Da Infraestrutura";1933;3036
"130";"2001";"Ministerio Da Previdencia Social";481;626
"131";"2001";"Ministerio Da Saude";42658;65630
"132";"2001";"Ministerio Das Comunicacoes";259;410
"133";"2001";"Ministerio Das Relacoes Exteriores";2044;1034
"134";"2001";"Ministerio De Minas E Energia";1136;1000
"135";"2001";"Ministerio Do Desenvolvimento Agrario";95;65
"136";"2001";"Ministerio Do Desenvolvimento Regional";946;1712
"137";"2001";"Ministerio Do Esporte";93;136
"138";"2001";"Ministerio Do Meio Ambiente";2491;3967
"139";"2001";"Ministerio Do Planej. Desenv. E Gestao";2717;2636
"140";"2001";"Ministerio Do Trabalho E Emprego";4548;3002
"141";"2001";"Ministerio Do Turismo";1275;1207
"142";"2001";"Ministerio Ind. Com. Exterior E Serviços";430;314
"143";"2001";"Presidencia Da Republica";5960;4188
"144";"2002";"Conselho Nac.De Desen.Cien.E Tecnologico";599;127
"145";"2002";"Instituto Fed. Do Norte De Minas Gerais";92;131
"146";"2002";"Instituto Fed.Do Sudeste De Minas Gerais";175;123
"147";"2002";"Instituto Federal Baiano";152;141
"148";"2002";"Instituto Federal Catarinense";202;105
"149";"2002";"Instituto Federal Da Paraiba";560;165
"150";"2002";"Instituto Federal De Alagoas";518;190
"151";"2002";"Instituto Federal De Mato Grosso";432;147
"152";"2002";"Instituto Federal De Minas Gerais";287;260
"153";"2002";"Instituto Federal De Pernambuco";811;313
"154";"2002";"Instituto Federal De Rondonia";48;47
"155";"2002";"Instituto Federal De Sergipe";338;158
"156";"2002";"Instituto Federal Do Amazonas";470;149
"157";"2002";"Instituto Federal Do Ceara";586;225
"158";"2002";"Instituto Federal Do Espirito Santo";717;277
"159";"2002";"Instituto Federal Do Maranhao";480;233
"160";"2002";"Instituto Federal Do Para";440;203
"161";"2002";"Instituto Federal Do Rio Grande Do Sul";114;99
"162";"2002";"Instituto Federal Do Sul De Minas Gerais";237;143
"163";"2002";"Instituto Federal Do Tocantins";35;67
"164";"2002";"Instituto Federal Do Triangulo Mineiro";162;105
"165";"2002";"Instituto Federal Farroupilha";94;90
"166";"2002";"Instituto Federal Fluminense";494;173
"167";"2002";"Instituto Federal Goiano";181;158
"168";"2002";"Minist. Da Justica E Seguranca Publica";9493;11654
"169";"2002";"Minist.Da Adm.Federal E Ref. Do Estado";NA;1
"170";"2002";"Minist.Da Agricultura,Pecuaria E Abast.";6827;10387
"171";"2002";"Ministerio Ciencia Tec.Inov.Comunicacoes";3430;639
"172";"2002";"Ministerio Da Cidadania";24;10
"173";"2002";"Ministerio Da Cultura";151;187
"174";"2002";"Ministerio Da Defesa";9376;20373
"175";"2002";"Ministerio Da Economia";50993;50128
"176";"2002";"Ministerio Da Educacao";96591;58236
"177";"2002";"Ministerio Da Infraestrutura";2286;2790
"178";"2002";"Ministerio Da Previdencia Social";503;565
"179";"2002";"Ministerio Da Saude";43228;62687
"180";"2002";"Ministerio Das Comunicacoes";246;325
"181";"2002";"Ministerio Das Relacoes Exteriores";2082;1049
"182";"2002";"Ministerio De Minas E Energia";1342;929
"183";"2002";"Ministerio Do Desenvolvimento Agrario";91;67
"184";"2002";"Ministerio Do Desenvolvimento Regional";1042;1677
"185";"2002";"Ministerio Do Esporte";89;133
"186";"2002";"Ministerio Do Meio Ambiente";3128;4024
"187";"2002";"Ministerio Do Planej. Desenv. E Gestao";2754;2343
"188";"2002";"Ministerio Do Trabalho E Emprego";4670;2837
"189";"2002";"Ministerio Do Turismo";1280;1153
"190";"2002";"Ministerio Ind. Com. Exterior E Serviços";420;262
"191";"2002";"Presidencia Da Republica";5610;3107
"192";"2003";"Conselho Nac.De Desen.Cien.E Tecnologico";497;231
"193";"2003";"Instituto Fed. Do Norte De Minas Gerais";93;126
"194";"2003";"Instituto Fed.Do Sudeste De Minas Gerais";178;117
"195";"2003";"Instituto Federal Baiano";155;140
"196";"2003";"Instituto Federal Catarinense";206;103
"197";"2003";"Instituto Federal Da Paraiba";541;164
"198";"2003";"Instituto Federal De Alagoas";496;180
"199";"2003";"Instituto Federal De Mato Grosso";431;139
"200";"2003";"Instituto Federal De Minas Gerais";280;260
"201";"2003";"Instituto Federal De Pernambuco";775;295
"202";"2003";"Instituto Federal De Rondonia";50;39
"203";"2003";"Instituto Federal De Sergipe";319;154
"204";"2003";"Instituto Federal Do Amazonas";456;143
"205";"2003";"Instituto Federal Do Ceara";594;219
"206";"2003";"Instituto Federal Do Espirito Santo";734;264
"207";"2003";"Instituto Federal Do Maranhao";489;216
"208";"2003";"Instituto Federal Do Para";427;193
"209";"2003";"Instituto Federal Do Rio Grande Do Sul";116;97
"210";"2003";"Instituto Federal Do Sul De Minas Gerais";214;125
"211";"2003";"Instituto Federal Do Tocantins";100;77
"212";"2003";"Instituto Federal Do Triangulo Mineiro";154;100
"213";"2003";"Instituto Federal Farroupilha";91;85
"214";"2003";"Instituto Federal Fluminense";491;171
"215";"2003";"Instituto Federal Goiano";184;146
"216";"2003";"Minist. Da Justica E Seguranca Publica";10305;11383
"217";"2003";"Minist.Da Agricultura,Pecuaria E Abast.";6411;9959
"218";"2003";"Ministerio Ciencia Tec.Inov.Comunicacoes";3164;816
"219";"2003";"Ministerio Da Cidadania";159;117
"220";"2003";"Ministerio Da Cultura";158;219
"221";"2003";"Ministerio Da Defesa";9223;19677
"222";"2003";"Ministerio Da Economia";50083;49509
"223";"2003";"Ministerio Da Educacao";96766;58075
"224";"2003";"Ministerio Da Infraestrutura";1974;2050
"225";"2003";"Ministerio Da Previdencia Social";493;551
"226";"2003";"Ministerio Da Saude";41529;65395
"227";"2003";"Ministerio Das Cidades";142;65
"228";"2003";"Ministerio Das Comunicacoes";223;305
"229";"2003";"Ministerio Das Relacoes Exteriores";2038;1010
"230";"2003";"Ministerio De Minas E Energia";1258;928
"231";"2003";"Ministerio Do Desenvolvimento Agrario";73;88
"232";"2003";"Ministerio Do Desenvolvimento Regional";1000;1639
"233";"2003";"Ministerio Do Esporte";91;128
"234";"2003";"Ministerio Do Meio Ambiente";3202;4112
"235";"2003";"Ministerio Do Planej. Desenv. E Gestao";2761;2883
"236";"2003";"Ministerio Do Trabalho E Emprego";4317;2753
"237";"2003";"Ministerio Do Turismo";1280;1127
"238";"2003";"Ministerio Ind. Com. Exterior E Serviços";451;253
"239";"2003";"Presidencia Da Republica";7105;4319
"240";"2004";"Conselho Nac.De Desen.Cien.E Tecnologico";567;222
"241";"2004";"Instituto Fed. Do Norte De Minas Gerais";113;128
"242";"2004";"Instituto Fed.Do Sudeste De Minas Gerais";200;120
"243";"2004";"Instituto Federal Baiano";171;145
"244";"2004";"Instituto Federal Catarinense";200;104
"245";"2004";"Instituto Federal Da Paraiba";552;168
"246";"2004";"Instituto Federal De Alagoas";503;184
"247";"2004";"Instituto Federal De Mato Grosso";453;137
"248";"2004";"Instituto Federal De Minas Gerais";312;250
"249";"2004";"Instituto Federal De Pernambuco";786;300
"250";"2004";"Instituto Federal De Rondonia";50;40
"251";"2004";"Instituto Federal De Sergipe";321;152
"252";"2004";"Instituto Federal Do Amazonas";466;145
"253";"2004";"Instituto Federal Do Ceara";664;219
"254";"2004";"Instituto Federal Do Espirito Santo";776;289
"255";"2004";"Instituto Federal Do Maranhao";479;223
"256";"2004";"Instituto Federal Do Para";445;195
"257";"2004";"Instituto Federal Do Rio Grande Do Sul";130;100
"258";"2004";"Instituto Federal Do Sul De Minas Gerais";238;133
"259";"2004";"Instituto Federal Do Tocantins";105;73
"260";"2004";"Instituto Federal Do Triangulo Mineiro";165;101
"261";"2004";"Instituto Federal Farroupilha";101;89
"262";"2004";"Instituto Federal Fluminense";505;176
"263";"2004";"Instituto Federal Goiano";221;163
"264";"2004";"Minist. Da Justica E Seguranca Publica";11620;12267
"265";"2004";"Minist.Da Agricultura,Pecuaria E Abast.";7038;9956
"266";"2004";"Ministerio Ciencia Tec.Inov.Comunicacoes";3091;797
"267";"2004";"Ministerio Da Cidadania";255;170
"268";"2004";"Ministerio Da Cultura";252;254
"269";"2004";"Ministerio Da Defesa";9827;19288
"270";"2004";"Ministerio Da Economia";51243;48440
"271";"2004";"Ministerio Da Educacao";101518;60025
"272";"2004";"Ministerio Da Infraestrutura";2006;2500
"273";"2004";"Ministerio Da Previdencia Social";953;733
"274";"2004";"Ministerio Da Saude";40852;63902
"275";"2004";"Ministerio Das Cidades";186;94
"276";"2004";"Ministerio Das Comunicacoes";227;299
"277";"2004";"Ministerio Das Relacoes Exteriores";2114;982
"278";"2004";"Ministerio De Minas E Energia";1255;930
"279";"2004";"Ministerio Do Desenvolvimento Agrario";126;122
"280";"2004";"Ministerio Do Desenvolvimento Regional";1288;1716
"281";"2004";"Ministerio Do Esporte";99;133
"282";"2004";"Ministerio Do Meio Ambiente";3823;4099
"283";"2004";"Ministerio Do Planej. Desenv. E Gestao";2624;2176
"284";"2004";"Ministerio Do Trabalho E Emprego";4435;2671
"285";"2004";"Ministerio Do Turismo";1385;1129
"286";"2004";"Ministerio Ind. Com. Exterior E Serviços";439;249
"287";"2004";"Presidencia Da Republica";10792;4445
"288";"2005";"Conselho Nac.De Desen.Cien.E Tecnologico";575;209
"289";"2005";"Instituto Fed. Do Norte De Minas Gerais";130;125
"290";"2005";"Instituto Fed.Do Sudeste De Minas Gerais";211;121
"291";"2005";"Instituto Federal Baiano";173;141
"292";"2005";"Instituto Federal Catarinense";203;102
"293";"2005";"Instituto Federal Da Paraiba";564;166
"294";"2005";"Instituto Federal De Alagoas";539;172
"295";"2005";"Instituto Federal De Mato Grosso";453;141
"296";"2005";"Instituto Federal De Minas Gerais";329;244
"297";"2005";"Instituto Federal De Pernambuco";791;291
"298";"2005";"Instituto Federal De Rondonia";51;39
"299";"2005";"Instituto Federal De Sergipe";337;152
"300";"2005";"Instituto Federal Do Amazonas";474;139
"301";"2005";"Instituto Federal Do Ceara";688;219
"302";"2005";"Instituto Federal Do Espirito Santo";823;290
"303";"2005";"Instituto Federal Do Maranhao";509;216
"304";"2005";"Instituto Federal Do Para";462;193
"305";"2005";"Instituto Federal Do Rio Grande Do Sul";126;96
"306";"2005";"Instituto Federal Do Sul De Minas Gerais";247;128
"307";"2005";"Instituto Federal Do Tocantins";182;96
"308";"2005";"Instituto Federal Do Triangulo Mineiro";174;100
"309";"2005";"Instituto Federal Farroupilha";110;88
"310";"2005";"Instituto Federal Fluminense";518;168
"311";"2005";"Instituto Federal Goiano";240;157
"312";"2005";"Minist. Da Justica E Seguranca Publica";13108;12740
"313";"2005";"Minist.Da Agricultura,Pecuaria E Abast.";7370;10079
"314";"2005";"Ministerio Ciencia Tec.Inov.Comunicacoes";3305;1025
"315";"2005";"Ministerio Da Cidadania";261;158
"316";"2005";"Ministerio Da Cultura";258;254
"317";"2005";"Ministerio Da Defesa";10076;19174
"318";"2005";"Ministerio Da Economia";53031;47668
"319";"2005";"Ministerio Da Educacao";103018;59635
"320";"2005";"Ministerio Da Infraestrutura";2128;2713
"321";"2005";"Ministerio Da Previdencia Social";1785;1063
"322";"2005";"Ministerio Da Saude";42786;64416
"323";"2005";"Ministerio Das Cidades";199;121
"324";"2005";"Ministerio Das Comunicacoes";239;289
"325";"2005";"Ministerio Das Relacoes Exteriores";2303;1014
"326";"2005";"Ministerio De Minas E Energia";1502;1004
"327";"2005";"Ministerio Do Desenvolvimento Agrario";144;142
"328";"2005";"Ministerio Do Desenvolvimento Regional";1249;1669
"329";"2005";"Ministerio Do Esporte";100;129
"330";"2005";"Ministerio Do Meio Ambiente";4307;3759
"331";"2005";"Ministerio Do Planej. Desenv. E Gestao";2601;2096
"332";"2005";"Ministerio Do Trabalho E Emprego";4442;2596
"333";"2005";"Ministerio Do Turismo";1385;1113
"334";"2005";"Ministerio Ind. Com. Exterior E Serviços";443;242
"335";"2005";"Presidencia Da Republica";11499;4658
"336";"2006";"Conselho Nac.De Desen.Cien.E Tecnologico";570;203
"337";"2006";"Instituto Fed. Do Norte De Minas Gerais";165;124
"338";"2006";"Instituto Fed.Do Sudeste De Minas Gerais";237;118
"339";"2006";"Instituto Federal Baiano";185;138
"340";"2006";"Instituto Federal Catarinense";215;99
"341";"2006";"Instituto Federal Da Paraiba";587;164
"342";"2006";"Instituto Federal De Alagoas";547;165
"343";"2006";"Instituto Federal De Mato Grosso";493;147
"344";"2006";"Instituto Federal De Minas Gerais";414;247
"345";"2006";"Instituto Federal De Pernambuco";797;287
"346";"2006";"Instituto Federal De Rondonia";55;39
"347";"2006";"Instituto Federal De Sergipe";345;149
"348";"2006";"Instituto Federal Do Amazonas";484;143
"349";"2006";"Instituto Federal Do Ceara";713;217
"350";"2006";"Instituto Federal Do Espirito Santo";936;307
"351";"2006";"Instituto Federal Do Maranhao";529;209
"352";"2006";"Instituto Federal Do Para";490;189
"353";"2006";"Instituto Federal Do Rio Grande Do Sul";137;95
"354";"2006";"Instituto Federal Do Sul De Minas Gerais";257;126
"355";"2006";"Instituto Federal Do Tocantins";197;97
"356";"2006";"Instituto Federal Do Triangulo Mineiro";186;95
"357";"2006";"Instituto Federal Farroupilha";131;86
"358";"2006";"Instituto Federal Fluminense";552;169
"359";"2006";"Instituto Federal Goiano";286;162
"360";"2006";"Minist. Da Justica E Seguranca Publica";14949;12948
"361";"2006";"Minist.Da Agricultura,Pecuaria E Abast.";8021;9961
"362";"2006";"Ministerio Ciencia Tec.Inov.Comunicacoes";3217;1024
"363";"2006";"Ministerio Da Cidadania";375;189
"364";"2006";"Ministerio Da Cultura";281;250
"365";"2006";"Ministerio Da Defesa";9782;18489
"366";"2006";"Ministerio Da Economia";57268;47009
"367";"2006";"Ministerio Da Educacao";109133;59270
"368";"2006";"Ministerio Da Infraestrutura";2866;3047
"369";"2006";"Ministerio Da Previdencia Social";1845;1081
"370";"2006";"Ministerio Da Saude";45402;64493
"371";"2006";"Ministerio Das Cidades";302;132
"372";"2006";"Ministerio Das Comunicacoes";301;317
"373";"2006";"Ministerio Das Relacoes Exteriores";2349;994
"374";"2006";"Ministerio De Minas E Energia";1758;1066
"375";"2006";"Ministerio Do Desenvolvimento Agrario";150;154
"376";"2006";"Ministerio Do Desenvolvimento Regional";1301;1658
"377";"2006";"Ministerio Do Esporte";100;125
"378";"2006";"Ministerio Do Meio Ambiente";4274;4193
"379";"2006";"Ministerio Do Planej. Desenv. E Gestao";2909;2051
"380";"2006";"Ministerio Do Trabalho E Emprego";4373;2517
"381";"2006";"Ministerio Do Turismo";1810;1122
"382";"2006";"Ministerio Ind. Com. Exterior E Serviços";509;257
"383";"2006";"Presidencia Da Republica";12459;4750
"384";"2007";"Conselho Nac.De Desen.Cien.E Tecnologico";533;198
"385";"2007";"Instituto Fed. Do Norte De Minas Gerais";199;127
"386";"2007";"Instituto Fed.Do Sudeste De Minas Gerais";270;118
"387";"2007";"Instituto Federal Baiano";206;136
"388";"2007";"Instituto Federal Catarinense";218;102
"389";"2007";"Instituto Federal Da Paraiba";626;173
"390";"2007";"Instituto Federal De Alagoas";541;157
"391";"2007";"Instituto Federal De Mato Grosso";494;153
"392";"2007";"Instituto Federal De Minas Gerais";497;248
"393";"2007";"Instituto Federal De Pernambuco";836;283
"394";"2007";"Instituto Federal De Rondonia";69;34
"395";"2007";"Instituto Federal De Sergipe";354;151
"396";"2007";"Instituto Federal Do Amazonas";543;148
"397";"2007";"Instituto Federal Do Ceara";742;214
"398";"2007";"Instituto Federal Do Espirito Santo";1005;312
"399";"2007";"Instituto Federal Do Maranhao";601;218
"400";"2007";"Instituto Federal Do Para";490;180
"401";"2007";"Instituto Federal Do Rio Grande Do Sul";148;94
"402";"2007";"Instituto Federal Do Sul De Minas Gerais";258;129
"403";"2007";"Instituto Federal Do Tocantins";257;106
"404";"2007";"Instituto Federal Do Triangulo Mineiro";194;90
"405";"2007";"Instituto Federal Farroupilha";137;83
"406";"2007";"Instituto Federal Fluminense";600;185
"407";"2007";"Instituto Federal Goiano";322;172
"408";"2007";"Minist. Da Justica E Seguranca Publica";15921;12387
"409";"2007";"Minist.Da Agricultura,Pecuaria E Abast.";8413;9737
"410";"2007";"Ministerio Ciencia Tec.Inov.Comunicacoes";3320;934
"411";"2007";"Ministerio Da Cidadania";434;205
"412";"2007";"Ministerio Da Cultura";292;255
"413";"2007";"Ministerio Da Defesa";9356;17538
"414";"2007";"Ministerio Da Economia";58123;45773
"415";"2007";"Ministerio Da Educacao";111309;57864
"416";"2007";"Ministerio Da Infraestrutura";3393;3203
"417";"2007";"Ministerio Da Previdencia Social";797;616
"418";"2007";"Ministerio Da Saude";44533;62504
"419";"2007";"Ministerio Das Cidades";288;136
"420";"2007";"Ministerio Das Comunicacoes";297;310
"421";"2007";"Ministerio Das Relacoes Exteriores";2479;965
"422";"2007";"Ministerio De Minas E Energia";1733;1065
"423";"2007";"Ministerio Do Desenvolvimento Agrario";154;153
"424";"2007";"Ministerio Do Desenvolvimento Regional";1356;1668
"425";"2007";"Ministerio Do Esporte";125;118
"426";"2007";"Ministerio Do Meio Ambiente";4501;4038
"427";"2007";"Ministerio Do Planej. Desenv. E Gestao";2999;2012
"428";"2007";"Ministerio Do Trabalho E Emprego";4671;2435
"429";"2007";"Ministerio Do Turismo";1853;1081
"430";"2007";"Ministerio Ind. Com. Exterior E Serviços";490;244
"431";"2007";"Presidencia Da Republica";13207;4997
"432";"2008";"Conselho Nac.De Desen.Cien.E Tecnologico";524;184
"433";"2008";"Instituto Fed. Do Norte De Minas Gerais";191;133
"434";"2008";"Instituto Fed.Do Sudeste De Minas Gerais";267;127
"435";"2008";"Instituto Federal Baiano";224;135
"436";"2008";"Instituto Federal Catarinense";236;103
"437";"2008";"Instituto Federal Da Paraiba";673;173
"438";"2008";"Instituto Federal De Alagoas";563;159
"439";"2008";"Instituto Federal De Mato Grosso";615;180
"440";"2008";"Instituto Federal De Minas Gerais";537;256
"441";"2008";"Instituto Federal De Pernambuco";879;287
"442";"2008";"Instituto Federal De Rondonia";64;33
"443";"2008";"Instituto Federal De Sergipe";386;154
"444";"2008";"Instituto Federal Do Amazonas";590;135
"445";"2008";"Instituto Federal Do Ceara";775;229
"446";"2008";"Instituto Federal Do Espirito Santo";1126;369
"447";"2008";"Instituto Federal Do Maranhao";724;252
"448";"2008";"Instituto Federal Do Para";600;184
"449";"2008";"Instituto Federal Do Rio Grande Do Sul";254;110
"450";"2008";"Instituto Federal Do Sul De Minas Gerais";283;124
"451";"2008";"Instituto Federal Do Tocantins";312;113
"452";"2008";"Instituto Federal Do Triangulo Mineiro";225;94
"453";"2008";"Instituto Federal Farroupilha";200;104
"454";"2008";"Instituto Federal Fluminense";673;206
"455";"2008";"Instituto Federal Goiano";373;184
"456";"2008";"Minist. Da Justica E Seguranca Publica";16759;11839
"457";"2008";"Minist.Da Agricultura,Pecuaria E Abast.";8785;9567
"458";"2008";"Ministerio Ciencia Tec.Inov.Comunicacoes";3244;902
"459";"2008";"Ministerio Da Cidadania";466;211
"460";"2008";"Ministerio Da Cultura";299;243
"461";"2008";"Ministerio Da Defesa";9260;16991
"462";"2008";"Ministerio Da Economia";58777;45868
"463";"2008";"Ministerio Da Educacao";118517;56950
"464";"2008";"Ministerio Da Infraestrutura";3723;3054
"465";"2008";"Ministerio Da Previdencia Social";829;604
"466";"2008";"Ministerio Da Saude";44221;62176
"467";"2008";"Ministerio Das Cidades";347;124
"468";"2008";"Ministerio Das Comunicacoes";299;311
"469";"2008";"Ministerio Das Relacoes Exteriores";2585;986
"470";"2008";"Ministerio De Minas E Energia";2029;1081
"471";"2008";"Ministerio Do Desenvolvimento Agrario";168;138
"472";"2008";"Ministerio Do Desenvolvimento Regional";1421;1646
"473";"2008";"Ministerio Do Esporte";130;117
"474";"2008";"Ministerio Do Meio Ambiente";4554;4972
"475";"2008";"Ministerio Do Planej. Desenv. E Gestao";3032;1972
"476";"2008";"Ministerio Do Trabalho E Emprego";4637;2308
"477";"2008";"Ministerio Do Turismo";1871;1056
"478";"2008";"Ministerio Ind. Com. Exterior E Serviços";439;218
"479";"2008";"Presidencia Da Republica";14682;5511
"480";"2009";"Conselho Nac.De Desen.Cien.E Tecnologico";523;173
"481";"2009";"Instituto Fed. Do Norte De Minas Gerais";283;143
"482";"2009";"Instituto Fed.Do Sudeste De Minas Gerais";332;144
"483";"2009";"Instituto Federal Baiano";296;148
"484";"2009";"Instituto Federal Catarinense";262;111
"485";"2009";"Instituto Federal Da Paraiba";804;153
"486";"2009";"Instituto Federal De Alagoas";647;160
"487";"2009";"Instituto Federal De Mato Grosso";663;183
"488";"2009";"Instituto Federal De Minas Gerais";608;269
"489";"2009";"Instituto Federal De Pernambuco";925;295
"490";"2009";"Instituto Federal De Rondonia";88;31
"491";"2009";"Instituto Federal De Sergipe";459;158
"492";"2009";"Instituto Federal Do Amazonas";699;163
"493";"2009";"Instituto Federal Do Ceara";1040;233
"494";"2009";"Instituto Federal Do Espirito Santo";1316;365
"495";"2009";"Instituto Federal Do Maranhao";820;281
"496";"2009";"Instituto Federal Do Para";776;215
"497";"2009";"Instituto Federal Do Rio Grande Do Sul";312;115
"498";"2009";"Instituto Federal Do Sul De Minas Gerais";365;121
"499";"2009";"Instituto Federal Do Tocantins";455;114
"500";"2009";"Instituto Federal Do Triangulo Mineiro";277;104
"501";"2009";"Instituto Federal Farroupilha";345;117
"502";"2009";"Instituto Federal Fluminense";801;176
"503";"2009";"Instituto Federal Goiano";450;196
"504";"2009";"Minist. Da Justica E Seguranca Publica";17948;11595
"505";"2009";"Minist.Da Agricultura,Pecuaria E Abast.";8995;9774
"506";"2009";"Ministerio Ciencia Tec.Inov.Comunicacoes";3250;957
"507";"2009";"Ministerio Da Cidadania";524;196
"508";"2009";"Ministerio Da Cultura";366;302
"509";"2009";"Ministerio Da Defesa";9704;16935
"510";"2009";"Ministerio Da Economia";59702;44821
"511";"2009";"Ministerio Da Educacao";128267;55646
"512";"2009";"Ministerio Da Infraestrutura";4019;3472
"513";"2009";"Ministerio Da Previdencia Social";820;592
"514";"2009";"Ministerio Da Saude";43964;62304
"515";"2009";"Ministerio Das Cidades";496;139
"516";"2009";"Ministerio Das Comunicacoes";356;304
"517";"2009";"Ministerio Das Relacoes Exteriores";2766;962
"518";"2009";"Ministerio De Minas E Energia";2154;1263
"519";"2009";"Ministerio Do Desenvolvimento Agrario";303;162
"520";"2009";"Ministerio Do Desenvolvimento Regional";1479;1614
"521";"2009";"Ministerio Do Esporte";199;119
"522";"2009";"Ministerio Do Meio Ambiente";5088;4417
"523";"2009";"Ministerio Do Planej. Desenv. E Gestao";3322;1980
"524";"2009";"Ministerio Do Trabalho E Emprego";5401;3291
"525";"2009";"Ministerio Do Turismo";2049;1030
"526";"2009";"Ministerio Ind. Com. Exterior E Serviços";466;205
"527";"2009";"Presidencia Da Republica";15090;5742
"528";"2010";"Conselho Nac.De Desen.Cien.E Tecnologico";498;154
"529";"2010";"Minist. Da Justica E Seguranca Publica";19718;11484
"530";"2010";"Minist.Da Agricultura,Pecuaria E Abast.";8671;9440
"531";"2010";"Ministerio Ciencia Tec.Inov.Comunicacoes";3294;950
"532";"2010";"Ministerio Da Cidadania";625;223
"533";"2010";"Ministerio Da Cultura";473;379
"534";"2010";"Ministerio Da Defesa";9591;16193
"535";"2010";"Ministerio Da Economia";61067;42613
"536";"2010";"Ministerio Da Educacao";158221;59954
"537";"2010";"Ministerio Da Infraestrutura";4457;3753
"538";"2010";"Ministerio Da Previdencia Social";762;679
"539";"2010";"Ministerio Da Saude";43687;59788
"540";"2010";"Ministerio Das Cidades";442;128
"541";"2010";"Ministerio Das Comunicacoes";470;329
"542";"2010";"Ministerio Das Relacoes Exteriores";2856;940
"543";"2010";"Ministerio De Minas E Energia";2391;1312
"544";"2010";"Ministerio De Pesca E Aquicultura";372;224
"545";"2010";"Ministerio Do Desenvolvimento Agrario";314;174
"546";"2010";"Ministerio Do Desenvolvimento Regional";1691;1657
"547";"2010";"Ministerio Do Esporte";206;125
"548";"2010";"Ministerio Do Meio Ambiente";5040;4661
"549";"2010";"Ministerio Do Planej. Desenv. E Gestao";4012;2041
"550";"2010";"Ministerio Do Trabalho E Emprego";5516;3257
"551";"2010";"Ministerio Do Turismo";2313;1039
"552";"2010";"Ministerio Ind. Com. Exterior E Serviços";585;288
"553";"2010";"Presidencia Da Republica";15271;6024
"554";"2011";"Conselho Nac.De Desen.Cien.E Tecnologico";548;156
"555";"2011";"Minist. Da Justica E Seguranca Publica";20173;11261
"556";"2011";"Minist.Da Agricultura,Pecuaria E Abast.";8526;9077
"557";"2011";"Ministerio Ciencia Tec.Inov.Comunicacoes";3252;899
"558";"2011";"Ministerio Da Cidadania";603;222
"559";"2011";"Ministerio Da Cultura";479;376
"560";"2011";"Ministerio Da Defesa";9398;15132
"561";"2011";"Ministerio Da Economia";59748;41032
"562";"2011";"Ministerio Da Educacao";172944;58522
"563";"2011";"Ministerio Da Infraestrutura";4491;3676
"564";"2011";"Ministerio Da Previdencia Social";811;668
"565";"2011";"Ministerio Da Saude";43259;57253
"566";"2011";"Ministerio Das Cidades";424;118
"567";"2011";"Ministerio Das Comunicacoes";497;497
"568";"2011";"Ministerio Das Relacoes Exteriores";2842;902
"569";"2011";"Ministerio De Minas E Energia";2536;1728
"570";"2011";"Ministerio De Pesca E Aquicultura";357;229
"571";"2011";"Ministerio Do Desenvolvimento Agrario";298;155
"572";"2011";"Ministerio Do Desenvolvimento Regional";1675;1603
"573";"2011";"Ministerio Do Esporte";203;122
"574";"2011";"Ministerio Do Meio Ambiente";4883;4212
"575";"2011";"Ministerio Do Planej. Desenv. E Gestao";4197;1862
"576";"2011";"Ministerio Do Trabalho E Emprego";5549;3170
"577";"2011";"Ministerio Do Turismo";2310;1041
"578";"2011";"Ministerio Ind. Com. Exterior E Serviços";557;283
"579";"2011";"Presidencia Da Republica";14649;5714
"580";"2012";"Conselho Nac.De Desen.Cien.E Tecnologico";552;155
"581";"2012";"Minist. Da Justica E Seguranca Publica";20998;10777
"582";"2012";"Minist.Da Agricultura,Pecuaria E Abast.";8598;8761
"583";"2012";"Ministerio Ciencia Tec.Inov.Comunicacoes";3163;871
"584";"2012";"Ministerio Da Cidadania";603;210
"585";"2012";"Ministerio Da Cultura";492;355
"586";"2012";"Ministerio Da Defesa";8998;14152
"587";"2012";"Ministerio Da Economia";57734;42461
"588";"2012";"Ministerio Da Educacao";185272;57041
"589";"2012";"Ministerio Da Infraestrutura";4328;3619
"590";"2012";"Ministerio Da Previdencia Social";822;637
"591";"2012";"Ministerio Da Saude";43140;55188
"592";"2012";"Ministerio Das Cidades";309;103
"593";"2012";"Ministerio Das Comunicacoes";473;515
"594";"2012";"Ministerio Das Relacoes Exteriores";2831;869
"595";"2012";"Ministerio De Minas E Energia";2449;1858
"596";"2012";"Ministerio De Pesca E Aquicultura";366;227
"597";"2012";"Ministerio Do Desenvolvimento Agrario";313;158
"598";"2012";"Ministerio Do Desenvolvimento Regional";1614;1548
"599";"2012";"Ministerio Do Esporte";268;121
"600";"2012";"Ministerio Do Meio Ambiente";4805;3771
"601";"2012";"Ministerio Do Planej. Desenv. E Gestao";4733;1785
"602";"2012";"Ministerio Do Trabalho E Emprego";5403;3017
"603";"2012";"Ministerio Do Turismo";2305;1006
"604";"2012";"Ministerio Ind. Com. Exterior E Serviços";523;253
"605";"2012";"Presidencia Da Republica";14742;5551
"606";"2013";"Conselho Nac.De Desen.Cien.E Tecnologico";532;121
"607";"2013";"Minist. Da Justica E Seguranca Publica";22225;10089
"608";"2013";"Minist.Da Agricultura,Pecuaria E Abast.";8436;8417
"609";"2013";"Ministerio Ciencia Tec.Inov.Comunicacoes";3090;847
"610";"2013";"Ministerio Da Cidadania";830;195
"611";"2013";"Ministerio Da Cultura";634;353
"612";"2013";"Ministerio Da Defesa";8759;13156
"613";"2013";"Ministerio Da Economia";60688;40313
"614";"2013";"Ministerio Da Educacao";200277;53417
"615";"2013";"Ministerio Da Infraestrutura";4839;3816
"616";"2013";"Ministerio Da Previdencia Social";741;598
"617";"2013";"Ministerio Da Saude";45193;52957
"618";"2013";"Ministerio Das Cidades";292;96
"619";"2013";"Ministerio Das Comunicacoes";525;516
"620";"2013";"Ministerio Das Relacoes Exteriores";2785;832
"621";"2013";"Ministerio De Minas E Energia";2548;1830
"622";"2013";"Ministerio De Pesca E Aquicultura";362;206
"623";"2013";"Ministerio Do Desenvolvimento Agrario";361;162
"624";"2013";"Ministerio Do Desenvolvimento Regional";1712;1488
"625";"2013";"Ministerio Do Esporte";314;124
"626";"2013";"Ministerio Do Meio Ambiente";4930;3698
"627";"2013";"Ministerio Do Planej. Desenv. E Gestao";4682;1677
"628";"2013";"Ministerio Do Trabalho E Emprego";5239;2882
"629";"2013";"Ministerio Do Turismo";2306;999
"630";"2013";"Ministerio Ind. Com. Exterior E Serviços";601;209
"631";"2013";"Presidencia Da Republica";15203;5593
"632";"2014";"Conselho Nac.De Desen.Cien.E Tecnologico";496;103
"633";"2014";"Minist. Da Justica E Seguranca Publica";23479;9861
"634";"2014";"Minist.Da Agricultura,Pecuaria E Abast.";8610;8255
"635";"2014";"Ministerio Ciencia Tec.Inov.Comunicacoes";2778;1026
"636";"2014";"Ministerio Da Cidadania";794;170
"637";"2014";"Ministerio Da Cultura";654;373
"638";"2014";"Ministerio Da Defesa";8111;13266
"639";"2014";"Ministerio Da Economia";61104;39228
"640";"2014";"Ministerio Da Educacao";220707;51961
"641";"2014";"Ministerio Da Infraestrutura";4830;3658
"642";"2014";"Ministerio Da Previdencia Social";730;566
"643";"2014";"Ministerio Da Saude";48989;51674
"644";"2014";"Ministerio Das Cidades";344;135
"645";"2014";"Ministerio Das Comunicacoes";512;505
"646";"2014";"Ministerio Das Relacoes Exteriores";2770;799
"647";"2014";"Ministerio De Minas E Energia";2575;1795
"648";"2014";"Ministerio De Pesca E Aquicultura";345;191
"649";"2014";"Ministerio Do Desenvolvimento Agrario";442;182
"650";"2014";"Ministerio Do Desenvolvimento Regional";1776;1458
"651";"2014";"Ministerio Do Esporte";342;141
"652";"2014";"Ministerio Do Meio Ambiente";4975;3835
"653";"2014";"Ministerio Do Planej. Desenv. E Gestao";4667;1588
"654";"2014";"Ministerio Do Trabalho E Emprego";5260;2942
"655";"2014";"Ministerio Do Turismo";2493;946
"656";"2014";"Ministerio Ind. Com. Exterior E Serviços";695;201
"657";"2014";"Presidencia Da Republica";15145;5613
"658";"2015";"Conselho Nac.De Desen.Cien.E Tecnologico";473;95
"659";"2015";"Minist. Da Justica E Seguranca Publica";23416;9199
"660";"2015";"Minist.Da Agricultura,Pecuaria E Abast.";8412;7829
"661";"2015";"Ministerio Ciencia Tec.Inov.Comunicacoes";2772;1059
"662";"2015";"Ministerio Da Cidadania";782;162
"663";"2015";"Ministerio Da Cultura";641;338
"664";"2015";"Ministerio Da Defesa";8145;12528
"665";"2015";"Ministerio Da Economia";59795;37774
"666";"2015";"Ministerio Da Educacao";238501;42851
"667";"2015";"Ministerio Da Infraestrutura";4847;3562
"668";"2015";"Ministerio Da Previdencia Social";757;533
"669";"2015";"Ministerio Da Saude";51751;49710
"670";"2015";"Ministerio Das Cidades";344;131
"671";"2015";"Ministerio Das Comunicacoes";503;485
"672";"2015";"Ministerio Das Relacoes Exteriores";2707;752
"673";"2015";"Ministerio De Minas E Energia";2565;1786
"674";"2015";"Ministerio De Pesca E Aquicultura";254;122
"675";"2015";"Ministerio Do Desenvolvimento Agrario";467;157
"676";"2015";"Ministerio Do Desenvolvimento Regional";1726;1384
"677";"2015";"Ministerio Do Esporte";335;132
"678";"2015";"Ministerio Do Meio Ambiente";4803;3717
"679";"2015";"Ministerio Do Planej. Desenv. E Gestao";4577;1793
"680";"2015";"Ministerio Do Trabalho E Emprego";5002;2810
"681";"2015";"Ministerio Do Turismo";2524;907
"682";"2015";"Ministerio Ind. Com. Exterior E Serviços";676;181
"683";"2015";"Presidencia Da Republica";15156;5499
"684";"2016";"Conselho Nac.De Desen.Cien.E Tecnologico";446;80
"685";"2016";"Minist. Da Justica E Seguranca Publica";24351;8856
"686";"2016";"Minist.Da Agricultura,Pecuaria E Abast.";8286;7572
"687";"2016";"Ministerio Ciencia Tec.Inov.Comunicacoes";2682;1034
"688";"2016";"Ministerio Da Cidadania";722;146
"689";"2016";"Ministerio Da Cultura";537;263
"690";"2016";"Ministerio Da Defesa";7600;12115
"691";"2016";"Ministerio Da Economia";58760;36986
"692";"2016";"Ministerio Da Educacao";252488;38750
"693";"2016";"Ministerio Da Infraestrutura";4779;3433
"694";"2016";"Ministerio Da Previdencia Social";727;516
"695";"2016";"Ministerio Da Saude";54767;48173
"696";"2016";"Ministerio Das Cidades";315;122
"697";"2016";"Ministerio Das Relacoes Exteriores";2697;718
"698";"2016";"Ministerio De Minas E Energia";2496;1747
"699";"2016";"Ministerio Do Desenvolvimento Agrario";365;109
"700";"2016";"Ministerio Do Desenvolvimento Regional";1683;1332
"701";"2016";"Ministerio Do Esporte";285;101
"702";"2016";"Ministerio Do Meio Ambiente";4854;2705
"703";"2016";"Ministerio Do Planej. Desenv. E Gestao";4782;1669
"704";"2016";"Ministerio Do Trabalho E Emprego";4925;2695
"705";"2016";"Ministerio Do Turismo";2455;849
"706";"2016";"Ministerio Ind. Com. Exterior E Serviços";654;159
"707";"2016";"Presidencia Da Republica";15170;5529
"708";"2017";"Conselho Nac.De Desen.Cien.E Tecnologico";403;69
"709";"2017";"Controladoria-Geral Da Uniao";2084;267
"710";"2017";"Min. Da Mulher, Familia E Dir. Humanos";177;56
"711";"2017";"Minist. Da Justica E Seguranca Publica";23767;8316
"712";"2017";"Minist.Da Agricultura,Pecuaria E Abast.";7727;7117
"713";"2017";"Ministerio Ciencia Tec.Inov.Comunicacoes";2555;965
"714";"2017";"Ministerio Da Cidadania";1040;302
"715";"2017";"Ministerio Da Cultura";552;250
"716";"2017";"Ministerio Da Defesa";7295;11349
"717";"2017";"Ministerio Da Economia";58886;37417
"718";"2017";"Ministerio Da Educacao";261824;35247
"719";"2017";"Ministerio Da Infraestrutura";4961;3424
"720";"2017";"Ministerio Da Saude";57971;45796
"721";"2017";"Ministerio Das Cidades";301;108
"722";"2017";"Ministerio Das Relacoes Exteriores";2696;663
"723";"2017";"Ministerio De Minas E Energia";2489;1690
"724";"2017";"Ministerio Do Desenvolvimento Regional";1625;1257
"725";"2017";"Ministerio Do Esporte";183;75
"726";"2017";"Ministerio Do Meio Ambiente";4816;2219
"727";"2017";"Ministerio Do Planej. Desenv. E Gestao";4805;1556
"728";"2017";"Ministerio Do Trabalho E Emprego";4693;2584
"729";"2017";"Ministerio Do Turismo";2415;824
"730";"2017";"Ministerio Ind. Com. Exterior E Serviços";842;215
"731";"2017";"Presidencia Da Republica";13314;4970
"732";"2018";"Conselho Nac.De Desen.Cien.E Tecnologico";377;62
"733";"2018";"Controladoria-Geral Da Uniao";2061;240
"734";"2018";"Min. Da Mulher, Familia E Dir. Humanos";306;102
"735";"2018";"Minist. Da Justica E Seguranca Publica";23692;7839
"736";"2018";"Minist.Da Agricultura,Pecuaria E Abast.";7914;6564
"737";"2018";"Ministerio Ciencia Tec.Inov.Comunicacoes";2512;923
"738";"2018";"Ministerio Da Cidadania";1063;290
"739";"2018";"Ministerio Da Cultura";524;231
"740";"2018";"Ministerio Da Defesa";7203;10538
"741";"2018";"Ministerio Da Economia";57343;36229
"742";"2018";"Ministerio Da Educacao";269125;31732
"743";"2018";"Ministerio Da Infraestrutura";4885;3338
"744";"2018";"Ministerio Da Saude";58374;43337
"745";"2018";"Ministerio Das Cidades";305;99
"746";"2018";"Ministerio Das Relacoes Exteriores";2685;635
"747";"2018";"Ministerio De Minas E Energia";2418;1641
"748";"2018";"Ministerio Do Desenvolvimento Regional";1557;1179
"749";"2018";"Ministerio Do Esporte";186;64
"750";"2018";"Ministerio Do Meio Ambiente";4698;2403
"751";"2018";"Ministerio Do Planej. Desenv. E Gestao";4741;1488
"752";"2018";"Ministerio Do Trabalho E Emprego";4521;2418
"753";"2018";"Ministerio Do Turismo";2337;767
"754";"2018";"Ministerio Ind. Com. Exterior E Serviços";677;152
"755";"2018";"Presidencia Da Republica";13896;5018
"756";"2019";"Conselho Nac.De Desen.Cien.E Tecnologico";335;56
"757";"2019";"Controladoria-Geral Da Uniao";2037;217
"758";"2019";"Min. Da Mulher, Familia E Dir. Humanos";378;81
"759";"2019";"Minist. Da Justica E Seguranca Publica";23802;7355
"760";"2019";"Minist.Da Agricultura,Pecuaria E Abast.";7801;5105
"761";"2019";"Ministerio Ciencia Tec.Inov.Comunicacoes";2408;848
"762";"2019";"Ministerio Da Cidadania";1256;391
"763";"2019";"Ministerio Da Defesa";6536;9207
"764";"2019";"Ministerio Da Economia";61491;35017
"765";"2019";"Ministerio Da Educacao";272632;27411
"766";"2019";"Ministerio Da Infraestrutura";4615;2888
"767";"2019";"Ministerio Da Saude";62266;36770
"768";"2019";"Ministerio Das Relacoes Exteriores";2620;553
"769";"2019";"Ministerio De Minas E Energia";2425;1525
"770";"2019";"Ministerio Do Desenvolvimento Regional";1707;1018
"771";"2019";"Ministerio Do Meio Ambiente";4258;2010
"772";"2019";"Ministerio Do Turismo";2390;698
"773";"2019";"Presidencia Da Republica";13183;4543
"774";"2020";"Conselho Nac.De Desen.Cien.E Tecnologico";325;52
"775";"2020";"Controladoria-Geral Da Uniao";2017;216
"776";"2020";"Min. Da Mulher, Familia E Dir. Humanos";392;73
"777";"2020";"Minist. Da Justica E Seguranca Publica";25985;6452
"778";"2020";"Minist.Da Agricultura,Pecuaria E Abast.";7589;4561
"779";"2020";"Ministerio Ciencia Tec.Inov.Comunicacoes";2370;815
"780";"2020";"Ministerio Da Cidadania";818;191
"781";"2020";"Ministerio Da Defesa";6352;8403
"782";"2020";"Ministerio Da Economia";61838;34479
"783";"2020";"Ministerio Da Educacao";269796;24823
"784";"2020";"Ministerio Da Infraestrutura";4585;2787
"785";"2020";"Ministerio Da Saude";63639;33281
"786";"2020";"Ministerio Das Relacoes Exteriores";2644;530
"787";"2020";"Ministerio De Minas E Energia";2403;1461
"788";"2020";"Ministerio Do Desenvolvimento Regional";1736;950
"789";"2020";"Ministerio Do Meio Ambiente";4240;2936
"790";"2020";"Ministerio Do Turismo";2703;864
"791";"2020";"Presidencia Da Republica";13148;4398
